id,day,temperature,light_intensity,logger
1,1,22.04611111,184,10
2,1,23.1,320,10
3,1,23.1,216,10
4,1,23.38777778,136,10
5,1,23.96611111,9,10
6,1,21.28222222,48,10
7,1,22.04611111,18,10
8,1,21.76,0,10
9,1,20.615,0,10
10,1,20.04277778,0,10
11,1,19.28222222,0,10
12,1,19.28222222,0,10
13,2,18.14,0,10
14,2,17.18888889,0,10
15,2,16.99888889,0,10
16,2,16.61777778,0,10
17,2,11.81888889,0,10
18,2,11.625,0,10
19,2,12.11,0,10
20,2,12.49722222,2,10
21,2,12.78722222,16,10
22,2,15.18722222,152,10
23,2,16.42722222,2688,10
24,2,18.42611111,248,10
25,2,17.28388889,168,10
26,2,17.475,69,10
27,2,17.95,115,10
28,2,17.665,48,10
29,2,17.475,30,10
30,2,17.18888889,16,10
31,2,16.99888889,7,10
32,2,16.71277778,0,10
33,2,15.95111111,0,10
34,2,15.66388889,0,10
35,2,15.76,0,10
36,2,15.66388889,0,10
37,3,14.23,0,10
38,3,15.28222222,0,10
39,3,13.84611111,0,10
40,3,13.07611111,0,10
41,3,13.365,0,10
42,3,13.17277778,0,10
43,3,14.03777778,0,10
44,3,14.23,2,10
45,3,15.28222222,50,10
46,3,17.09388889,152,10
47,3,16.23722222,152,10
48,3,19.18722222,272,10
49,3,19.09222222,184,10
50,3,18.61611111,144,10
51,3,20.805,116,10
52,3,20.13777778,58,10
53,3,21.76,35,10
54,3,21.09111111,19,10
55,3,21.855,9,10
56,3,21.09111111,0,10
57,3,21.56888889,0,10
58,3,20.805,0,10
59,3,19.85277778,0,10
60,3,18.90111111,0,10
61,4,18.80611111,0,10
62,4,17.76,0,10
63,4,17.855,0,10
64,4,17.28388889,0,10
65,4,14.03777778,0,10
66,4,14.42111111,0,10
67,4,15.37777778,0,10
68,4,15.76,1,10
69,4,16.71277778,31,10
70,4,17.475,176,10
71,4,18.80611111,1280,10
72,4,20.23388889,368,10
73,4,20.23388889,272,10
74,4,21.18722222,200,10
75,4,20.90111111,200,10
76,4,21.95111111,192,10
77,4,22.90777778,136,10
78,4,23.58111111,68,10
79,4,23.29222222,11,10
80,4,23.38777778,0,10
81,4,22.23777778,0,10
82,4,22.23777778,0,10
83,4,21.95111111,0,10
84,4,20.99611111,0,10
85,5,20.615,0,10
86,5,20.32888889,0,10
87,5,20.13777778,0,10
88,5,20.04277778,0,10
89,5,19.75777778,0,10
90,5,19.56722222,0,10
91,5,20.23388889,0,10
92,5,20.42388889,0,10
93,5,19.56722222,56,10
94,5,18.61611111,184,10
95,5,18.61611111,200,10
96,5,18.61611111,128,10
97,5,19.09222222,304,10
98,5,20.13777778,240,10
99,5,20.71,288,10
100,5,20.615,208,10
101,5,19.66222222,98,10
102,5,19.09222222,56,10
103,5,18.61611111,1,10
104,5,18.61611111,0,10
105,5,17.855,0,10
106,5,17.665,0,10
107,5,17.475,0,10
108,5,16.99888889,0,10
109,6,16.71277778,0,10
110,6,14.80388889,0,10
111,6,13.94222222,0,10
112,6,12.98,0,10
113,6,11.23611111,0,10
114,6,10.84611111,0,10
115,6,10.65111111,0,10
116,6,10.35722222,0,10
117,6,10.35722222,5,10
118,6,10.35722222,15,10
119,6,10.84611111,55,10
120,6,11.13888889,39,10
121,6,11.04111111,36,10
122,6,10.94388889,38,10
123,6,11.43111111,51,10
124,6,11.52777778,30,10
125,6,11.72222222,20,10
126,6,11.52777778,14,10
127,6,12.59388889,4,10
128,6,13.17277778,0,10
129,6,13.26888889,0,10
130,6,13.365,0,10
131,6,13.65388889,0,10
132,6,13.365,0,10
133,7,13.65388889,0,10
134,7,13.365,0,10
135,7,11.91611111,0,10
136,7,11.72222222,0,10
137,7,11.91611111,0,10
138,7,12.20722222,0,10
139,7,12.40111111,0,10
140,7,12.69,0,10
141,7,12.69,6,10
142,7,12.59388889,12,10
143,7,13.07611111,114,10
144,7,13.75,93,10
145,7,14.13388889,184,10
146,7,14.23,144,10
147,7,14.42111111,111,10
148,7,14.61277778,168,10
149,7,15.09111111,41,10
150,7,15.09111111,55,10
151,7,15.18722222,9,10
152,7,15.18722222,0,10
153,7,15.47277778,0,10
154,7,15.56888889,0,10
155,7,15.66388889,0,10
156,7,15.855,0,10
157,8,15.66388889,0,10
158,8,14.13388889,0,10
159,8,13.84611111,0,10
160,8,13.65388889,0,10
161,8,10.94388889,0,10
162,8,10.94388889,0,10
163,8,11.52777778,0,10
164,8,11.23611111,1,10
165,8,11.43111111,18,10
166,8,12.49722222,512,10
167,8,15.56888889,11776,10
168,8,16.23722222,248,10
169,8,16.80777778,184,10
170,8,18.14,124,10
171,8,19.09222222,112,10
172,8,19.28222222,50,10
173,8,20.04277778,30,10
174,8,20.23388889,17,10
175,8,20.13777778,6,10
176,8,20.42388889,0,10
177,8,20.23388889,0,10
178,8,19.94777778,0,10
179,8,18.90111111,0,10
180,8,18.80611111,0,10
181,9,18.52111111,0,10
182,9,18.99611111,0,10
183,9,18.33111111,0,10
184,9,19.09222222,0,10
185,9,14.80388889,0,10
186,9,15.37777778,0,10
187,9,16.04611111,0,10
188,9,16.42722222,1,10
189,9,16.90277778,22,10
190,9,18.23611111,160,10
191,9,20.23388889,960,10
192,9,21.47277778,256,10
193,9,21.76,176,10
194,9,22.23777778,176,10
195,9,22.14222222,124,10
196,9,21.37777778,78,10
197,9,21.47277778,49,10
198,9,21.09111111,20,10
199,9,20.51888889,7,10
200,9,19.75777778,0,10
201,9,20.23388889,0,10
202,9,20.71,0,10
203,9,20.90111111,0,10
204,9,20.51888889,0,10
205,10,20.615,0,10
206,10,19.75777778,0,10
207,10,20.71,0,10
208,10,20.90111111,0,10
209,10,21.09111111,0,10
210,10,21.37777778,0,10
211,10,20.99611111,0,10
212,10,18.33111111,0,10
213,10,18.80611111,63,10
214,10,18.42611111,82,10
215,10,17.57,69,10
216,10,13.365,10,10
217,10,13.365,16,10
218,10,12.88277778,19,10
219,10,11.625,37,10
220,10,11.625,34,10
221,10,11.81888889,36,10
222,10,11.81888889,15,10
223,10,11.33388889,1,10
224,10,12.01277778,0,10
225,10,12.59388889,0,10
226,10,11.33388889,0,10
227,10,10.35722222,0,10
228,10,9.866111111,0,10
229,11,10.16111111,0,10
230,11,9.571111111,0,10
231,11,9.372777778,0,10
232,11,9.866111111,0,10
233,11,9.372777778,0,10
234,11,9.668888889,0,10
235,11,8.878888889,0,10
236,11,8.581111111,0,10
237,11,7.481111111,17,10
238,11,8.68,152,10
239,11,10.06277778,1728,10
240,11,11.72222222,208,10
241,11,12.69,176,10
242,11,13.46111111,136,10
243,11,14.61277778,114,10
244,11,14.61277778,49,10
245,11,15.18722222,27,10
246,11,15.37777778,15,10
247,11,15.56888889,4,10
248,11,15.66388889,0,10
249,11,15.18722222,0,10
250,11,14.61277778,0,10
251,11,15.18722222,0,10
252,11,15.18722222,0,10
253,12,15.47277778,0,10
254,12,14.80388889,0,10
255,12,14.13388889,0,10
256,12,14.51722222,0,10
257,12,14.23,0,10
258,12,13.365,0,10
259,12,12.98,0,10
260,12,13.26888889,0,10
261,12,13.17277778,31,10
262,12,13.75,160,10
263,12,15.76,4352,10
264,12,17.76,176,10
265,12,17.665,272,10
266,12,17.475,216,10
267,12,17.95,176,10
268,12,17.665,106,10
269,12,17.37888889,81,10
270,12,17.09388889,30,10
271,12,16.52277778,6,10
272,12,16.52277778,0,10
273,12,16.23722222,0,10
274,12,15.66388889,0,10
275,12,15.66388889,0,10
276,12,15.95111111,0,10
277,13,15.56888889,0,10
278,13,15.09111111,0,10
279,13,14.9,0,10
280,13,15.56888889,0,10
281,13,13.07611111,0,10
282,13,13.17277778,0,10
283,13,13.65388889,0,10
284,13,14.03777778,1,10
285,13,14.42111111,40,10
286,13,15.18722222,184,10
287,13,16.80777778,992,10
288,13,17.475,320,10
289,13,18.80611111,336,10
290,13,18.61611111,152,10
291,13,18.61611111,160,10
292,13,19.28222222,208,10
293,13,18.80611111,80,10
294,13,18.80611111,50,10
295,13,17.95,4,10
296,13,17.95,0,10
297,13,17.76,0,10
298,13,17.28388889,0,10
299,13,17.475,0,10
300,13,17.855,0,10
301,14,17.76,0,10
302,14,17.665,0,10
303,14,17.28388889,0,10
304,14,17.95,0,10
305,14,18.045,0,10
306,14,18.23611111,0,10
307,14,18.045,0,10
308,14,18.14,0,10
309,14,17.37888889,11,10
310,14,18.33111111,26,10
311,14,18.90111111,123,10
312,14,18.99611111,136,10
313,14,19.56722222,112,10
314,14,20.32888889,121,10
315,14,20.805,117,10
316,14,21.56888889,117,10
317,14,21.95111111,72,10
318,14,21.855,20,10
319,14,21.28222222,4,10
320,14,20.23388889,0,10
321,14,20.32888889,0,10
322,14,20.23388889,0,10
323,14,19.94777778,0,10
324,14,19.85277778,0,10
325,15,18.99611111,0,10
326,15,19.28222222,0,10
327,15,19.09222222,0,10
328,15,18.99611111,0,10
329,15,17.665,0,10
330,15,16.99888889,0,10
331,15,16.61777778,0,10
332,15,16.23722222,0,10
333,15,16.42722222,12,10
334,15,16.71277778,42,10
335,1,22.14222222,512,11
336,1,24.06222222,1472,11
337,1,23.48388889,768,11
338,1,23.67722222,608,11
339,1,23.77277778,47,11
340,1,20.90111111,176,11
341,1,21.76,67,11
342,1,21.37777778,0,11
343,1,19.47222222,0,11
344,1,18.71111111,0,11
345,1,17.855,0,11
346,1,17.475,0,11
347,2,17.37888889,0,11
348,2,16.71277778,0,11
349,2,16.04611111,0,11
350,2,15.56888889,0,11
351,2,14.80388889,0,11
352,2,14.23,0,11
353,2,13.75,0,11
354,2,13.365,11,11
355,2,13.17277778,62,11
356,2,13.84611111,208,11
357,2,29.55222222,18432,11
358,2,28.555,3712,11
359,2,17.09388889,384,11
360,2,17.665,368,11
361,2,28.35722222,16384,11
362,2,17.28388889,98,11
363,2,19.56722222,240,11
364,2,16.71277778,46,11
365,2,16.14111111,24,11
366,2,15.56888889,0,11
367,2,15.09111111,0,11
368,2,14.51722222,0,11
369,2,14.03777778,0,11
370,2,13.65388889,0,11
371,3,13.55777778,0,11
372,3,13.46111111,0,11
373,3,13.17277778,0,11
374,3,12.78722222,0,11
375,3,12.49722222,0,11
376,3,9.372777778,0,11
377,3,10.74777778,0,11
378,3,11.52777778,12,11
379,3,12.30388889,184,11
380,3,13.65388889,272,11
381,3,15.66388889,608,11
382,3,28.655,1408,11
383,3,17.28388889,432,11
384,3,17.95,336,11
385,3,32.6,12288,11
386,3,19.37722222,136,11
387,3,21.76,248,11
388,3,20.71,58,11
389,3,20.04277778,30,11
390,3,19.94777778,0,11
391,3,19.85277778,0,11
392,3,19.09222222,0,11
393,3,18.42611111,0,11
394,3,17.76,0,11
395,4,17.37888889,0,11
396,4,16.99888889,0,11
397,4,16.71277778,0,11
398,4,16.52277778,0,11
399,4,16.42722222,0,11
400,4,15.95111111,0,11
401,4,15.95111111,0,11
402,4,16.04611111,6,11
403,4,16.42722222,118,11
404,4,17.28388889,352,11
405,4,25.22222222,10752,11
406,4,23.38777778,1856,11
407,4,20.90111111,1280,11
408,4,21.18722222,1088,11
409,4,21.56888889,1152,11
410,4,21.76,704,11
411,4,22.23777778,480,11
412,4,22.04611111,248,11
413,4,21.76,38,11
414,4,21.56888889,0,11
415,4,21.28222222,0,11
416,4,20.99611111,0,11
417,4,20.71,0,11
418,4,20.51888889,0,11
419,5,20.13777778,0,11
420,5,20.04277778,0,11
421,5,19.75777778,0,11
422,5,19.75777778,0,11
423,5,19.28222222,0,11
424,5,17.37888889,0,11
425,5,17.37888889,0,11
426,5,17.475,3,11
427,5,17.475,232,11
428,5,17.57,608,11
429,5,18.42611111,800,11
430,5,18.42611111,480,11
431,5,20.23388889,1088,11
432,5,20.615,992,11
433,5,21.76,4096,11
434,5,20.71,800,11
435,5,19.94777778,336,11
436,5,19.09222222,184,11
437,5,18.42611111,7,11
438,5,18.42611111,0,11
439,5,17.665,0,11
440,5,17.37888889,0,11
441,5,17.28388889,0,11
442,5,16.80777778,0,11
443,6,16.52277778,0,11
444,6,14.51722222,0,11
445,6,13.84611111,0,11
446,6,12.98,0,11
447,6,12.11,0,11
448,6,11.52777778,0,11
449,6,11.13888889,0,11
450,6,10.94388889,0,11
451,6,10.74777778,23,11
452,6,10.74777778,62,11
453,6,11.33388889,208,11
454,6,11.43111111,152,11
455,6,11.52777778,128,11
456,6,11.43111111,144,11
457,6,11.91611111,208,11
458,6,11.81888889,114,11
459,6,11.91611111,77,11
460,6,11.81888889,49,11
461,6,12.59388889,14,11
462,6,13.17277778,0,11
463,6,13.26888889,0,11
464,6,13.365,0,11
465,6,13.65388889,0,11
466,6,13.46111111,0,11
467,7,13.65388889,0,11
468,7,13.46111111,0,11
469,7,12.30388889,0,11
470,7,11.91611111,0,11
471,7,12.11,0,11
472,7,12.59388889,0,11
473,7,12.49722222,0,11
474,7,12.69,0,11
475,7,12.78722222,25,11
476,7,12.88277778,86,11
477,7,13.365,368,11
478,7,14.03777778,384,11
479,7,14.80388889,768,11
480,7,14.9,608,11
481,7,14.61277778,432,11
482,7,14.70888889,672,11
483,7,14.70888889,160,11
484,7,14.325,216,11
485,7,14.325,36,11
486,7,13.94222222,0,11
487,7,14.13388889,0,11
488,7,14.42111111,0,11
489,7,14.51722222,0,11
490,7,14.61277778,0,11
491,8,13.94222222,0,11
492,8,13.17277778,0,11
493,8,12.69,0,11
494,8,12.11,0,11
495,8,12.11,0,11
496,8,12.11,0,11
497,8,12.01277778,0,11
498,8,12.01277778,6,11
499,8,12.20722222,74,11
500,8,13.26888889,400,11
501,8,26.09722222,17408,11
502,8,18.33111111,1344,11
503,8,17.18888889,352,11
504,8,18.33111111,304,11
505,8,30.76,9728,11
506,8,19.37722222,105,11
507,8,20.42388889,160,11
508,8,19.94777778,53,11
509,8,19.75777778,21,11
510,8,18.80611111,0,11
511,8,18.80611111,0,11
512,8,18.42611111,0,11
513,8,18.42611111,0,11
514,8,17.95,0,11
515,9,17.855,0,11
516,9,17.57,0,11
517,9,17.855,0,11
518,9,17.09388889,0,11
519,9,16.52277778,0,11
520,9,13.75,0,11
521,9,14.03777778,0,11
522,9,14.42111111,6,11
523,9,15.09111111,77,11
524,9,16.42722222,416,11
525,9,30.35611111,16384,11
526,9,21.56888889,1664,11
527,9,20.32888889,336,11
528,9,21.47277778,480,11
529,9,27.075,1984,11
530,9,20.99611111,208,11
531,9,20.90111111,208,11
532,9,19.94777778,58,11
533,9,19.28222222,21,11
534,9,18.71111111,0,11
535,9,18.71111111,0,11
536,9,18.71111111,0,11
537,9,19.28222222,0,11
538,9,18.99611111,0,11
539,10,19.09222222,0,11
540,10,18.90111111,0,11
541,10,18.80611111,0,11
542,10,18.71111111,0,11
543,10,19.09222222,0,11
544,10,19.28222222,0,11
545,10,19.47222222,0,11
546,10,17.57,0,11
547,10,17.57,208,11
548,10,17.665,320,11
549,10,16.42722222,224,11
550,10,13.55777778,38,11
551,10,12.88277778,61,11
552,10,12.40111111,64,11
553,10,11.91611111,128,11
554,10,11.625,128,11
555,10,11.43111111,136,11
556,10,11.23611111,57,11
557,10,11.13888889,4,11
558,10,11.43111111,0,11
559,10,11.91611111,0,11
560,10,11.52777778,0,11
561,10,10.74777778,0,11
562,10,10.16111111,0,11
563,11,9.668888889,0,11
564,11,9.571111111,0,11
565,11,9.571111111,0,11
566,11,9.668888889,0,11
567,11,9.571111111,0,11
568,11,8.481111111,0,11
569,11,7.682222222,0,11
570,11,7.582222222,2,11
571,11,7.078888889,64,11
572,11,8.481111111,416,11
573,11,23.38777778,18432,11
574,11,13.365,672,11
575,11,12.49722222,272,11
576,11,13.26888889,256,11
577,11,18.61611111,1152,11
578,11,14.70888889,81,11
579,11,15.18722222,128,11
580,11,14.51722222,43,11
581,11,14.23,16,11
582,11,13.65388889,0,11
583,11,14.13388889,0,11
584,11,13.75,0,11
585,11,12.78722222,0,11
586,11,12.30388889,0,11
587,12,12.30388889,0,11
588,12,12.20722222,0,11
589,12,12.01277778,0,11
590,12,11.625,0,11
591,12,11.33388889,0,11
592,12,11.13888889,0,11
593,12,10.84611111,0,11
594,12,10.74777778,2,11
595,12,10.94388889,113,11
596,12,12.59388889,480,11
597,12,28.25777778,16384,11
598,12,17.95,480,11
599,12,17.475,768,11
600,12,17.28388889,800,11
601,12,18.33111111,608,11
602,12,17.37888889,304,11
603,12,17.09388889,256,11
604,12,16.52277778,82,11
605,12,15.95111111,21,11
606,12,15.66388889,0,11
607,12,15.56888889,0,11
608,12,15.09111111,0,11
609,12,14.9,0,11
610,12,14.325,0,11
611,13,14.13388889,0,11
612,13,13.65388889,0,11
613,13,13.46111111,0,11
614,13,13.365,0,11
615,13,13.55777778,0,11
616,13,11.91611111,0,11
617,13,11.81888889,0,11
618,13,12.01277778,6,11
619,13,12.49722222,152,11
620,13,13.84611111,704,11
621,13,19.09222222,2816,11
622,13,17.475,1280,11
623,13,18.045,1344,11
624,13,17.37888889,384,11
625,13,19.09222222,768,11
626,13,18.71111111,768,11
627,13,18.23611111,288,11
628,13,17.855,160,11
629,13,17.28388889,14,11
630,13,16.80777778,0,11
631,13,16.52277778,0,11
632,13,16.33222222,0,11
633,13,16.33222222,0,11
634,13,16.23722222,0,11
635,14,16.23722222,0,11
636,14,15.95111111,0,11
637,14,16.04611111,0,11
638,14,16.14111111,0,11
639,14,16.23722222,0,11
640,14,16.61777778,0,11
641,14,16.61777778,0,11
642,14,16.23722222,0,11
643,14,16.52277778,36,11
644,14,16.90277778,81,11
645,14,17.76,448,11
646,14,18.14,496,11
647,14,18.61611111,336,11
648,14,19.28222222,368,11
649,14,19.94777778,496,11
650,14,20.42388889,480,11
651,14,20.71,288,11
652,14,20.51888889,66,11
653,14,19.75777778,16,11
654,14,18.80611111,0,11
655,14,18.71111111,0,11
656,14,18.52111111,0,11
657,14,18.33111111,0,11
658,14,18.23611111,0,11
659,15,17.665,0,11
660,15,17.855,0,11
661,15,17.855,0,11
662,15,17.665,0,11
663,15,16.99888889,0,11
664,15,16.42722222,0,11
665,15,16.14111111,0,11
666,15,16.14111111,0,11
667,15,16.33222222,40,11
668,15,16.80777778,144,11
669,1,21.66388889,272,12
670,1,23.58111111,960,12
671,1,23.19611111,416,12
672,1,23.67722222,896,12
673,1,23.67722222,27,12
674,1,20.42388889,192,12
675,1,21.66388889,136,12
676,1,21.47277778,1,12
677,1,19.56722222,1,12
678,1,18.90111111,1,12
679,1,18.045,1,12
680,1,17.57,1,12
681,2,17.57,1,12
682,2,16.80777778,0,12
683,2,16.23722222,1,12
684,2,15.76,1,12
685,2,14.99611111,1,12
686,2,14.23,1,12
687,2,13.84611111,0,12
688,2,13.46111111,6,12
689,2,13.26888889,42,12
690,2,13.84611111,304,12
691,2,17.28388889,672,12
692,2,16.61777778,496,12
693,2,16.71277778,208,12
694,2,17.37888889,304,12
695,2,17.57,184,12
696,2,17.09388889,100,12
697,2,17.18888889,184,12
698,2,16.71277778,63,12
699,2,16.23722222,33,12
700,2,15.66388889,1,12
701,2,15.37777778,2,12
702,2,14.80388889,1,12
703,2,14.13388889,1,12
704,2,13.75,1,12
705,3,13.55777778,1,12
706,3,10.35722222,1,12
707,3,11.23611111,1,12
708,3,11.625,2,12
709,3,9.571111111,3,12
710,3,10.55277778,2,12
711,3,11.33388889,0,12
712,3,11.81888889,6,12
713,3,12.59388889,70,12
714,3,13.46111111,304,12
715,3,14.99611111,400,12
716,3,16.33222222,448,12
717,3,17.28388889,240,12
718,3,17.665,272,12
719,3,18.90111111,232,12
720,3,19.09222222,152,12
721,3,20.42388889,208,12
722,3,20.42388889,89,12
723,3,20.51888889,50,12
724,3,20.04277778,1,12
725,3,19.94777778,2,12
726,3,19.47222222,1,12
727,3,18.71111111,1,12
728,3,17.855,1,12
729,4,17.475,1,12
730,4,17.18888889,2,12
731,4,16.90277778,2,12
732,4,16.61777778,1,12
733,4,16.52277778,2,12
734,4,16.04611111,1,12
735,4,16.04611111,0,12
736,4,16.23722222,3,12
737,4,16.61777778,52,12
738,4,17.18888889,248,12
739,4,18.99611111,480,12
740,4,19.75777778,432,12
741,4,20.23388889,496,12
742,4,20.90111111,608,12
743,4,20.99611111,704,12
744,4,21.76,704,12
745,4,22.23777778,576,12
746,4,22.23777778,288,12
747,4,22.04611111,46,12
748,4,21.855,2,12
749,4,21.37777778,1,12
750,4,21.18722222,2,12
751,4,20.805,1,12
752,4,20.51888889,1,12
753,5,20.23388889,1,12
754,5,18.23611111,1,12
755,5,18.42611111,1,12
756,5,18.71111111,1,12
757,5,17.665,2,12
758,5,17.76,1,12
759,5,17.76,0,12
760,5,17.855,1,12
761,5,18.14,97,12
762,5,17.665,224,12
763,5,18.23611111,496,12
764,5,18.61611111,288,12
765,5,19.66222222,704,12
766,5,20.71,768,12
767,5,20.615,1088,12
768,5,20.99611111,960,12
769,5,19.94777778,288,12
770,5,19.18722222,152,12
771,5,18.61611111,8,12
772,5,18.52111111,1,12
773,5,17.665,1,12
774,5,17.475,1,12
775,5,17.28388889,2,12
776,5,16.90277778,2,12
777,6,16.52277778,2,12
778,6,14.80388889,1,12
779,6,13.94222222,2,12
780,6,13.07611111,2,12
781,6,12.11,2,12
782,6,11.43111111,2,12
783,6,11.13888889,0,12
784,6,10.74777778,0,12
785,6,10.65111111,15,12
786,6,10.65111111,57,12
787,6,11.13888889,200,12
788,6,11.43111111,160,12
789,6,11.43111111,128,12
790,6,11.23611111,126,12
791,6,11.81888889,200,12
792,6,11.81888889,96,12
793,6,11.81888889,59,12
794,6,11.72222222,50,12
795,6,12.69,14,12
796,6,13.17277778,2,12
797,6,13.26888889,2,12
798,6,13.365,1,12
799,6,13.65388889,1,12
800,6,13.365,2,12
801,7,13.65388889,2,12
802,7,13.46111111,1,12
803,7,12.11,2,12
804,7,11.81888889,1,12
805,7,12.01277778,4,12
806,7,12.30388889,2,12
807,7,12.40111111,0,12
808,7,12.88277778,0,12
809,7,13.46111111,21,12
810,7,13.84611111,68,12
811,7,14.61277778,352,12
812,7,14.13388889,352,12
813,7,14.9,608,12
814,7,14.99611111,576,12
815,7,14.80388889,352,12
816,7,14.80388889,400,12
817,7,14.99611111,136,12
818,7,14.51722222,192,12
819,7,14.61277778,37,12
820,7,14.23,1,12
821,7,14.42111111,2,12
822,7,14.61277778,1,12
823,7,14.70888889,1,12
824,7,14.9,2,12
825,8,14.23,1,12
826,8,13.46111111,1,12
827,8,12.98,2,12
828,8,12.40111111,2,12
829,8,12.11,2,12
830,8,12.30388889,2,12
831,8,12.20722222,0,12
832,8,12.11,3,12
833,8,12.20722222,47,12
834,8,13.17277778,416,12
835,8,14.70888889,512,12
836,8,15.95111111,304,12
837,8,16.71277778,224,12
838,8,17.95,272,12
839,8,18.80611111,208,12
840,8,19.09222222,113,12
841,8,19.75777778,184,12
842,8,19.75777778,82,12
843,8,19.66222222,31,12
844,8,18.99611111,2,12
845,8,18.99611111,1,12
846,8,18.61611111,1,12
847,8,18.42611111,2,12
848,8,18.14,2,12
849,9,17.95,2,12
850,9,14.13388889,3,12
851,9,15.09111111,1,12
852,9,15.855,2,12
853,9,13.84611111,3,12
854,9,14.51722222,2,12
855,9,14.99611111,0,12
856,9,15.18722222,3,12
857,9,15.56888889,47,12
858,9,16.90277778,288,12
859,9,18.61611111,496,12
860,9,19.85277778,288,12
861,9,20.42388889,224,12
862,9,21.47277778,352,12
863,9,21.47277778,304,12
864,9,21.09111111,248,12
865,9,20.90111111,272,12
866,9,20.42388889,78,12
867,9,19.47222222,30,12
868,9,18.90111111,2,12
869,9,18.99611111,2,12
870,9,19.37722222,1,12
871,9,19.66222222,2,12
872,9,19.47222222,2,12
873,10,19.47222222,2,12
874,10,19.09222222,2,12
875,10,19.28222222,2,12
876,10,19.09222222,2,12
877,10,19.56722222,2,12
878,10,19.66222222,2,12
879,10,19.66222222,0,12
880,10,17.76,0,12
881,10,17.665,184,12
882,10,17.855,184,12
883,10,16.71277778,192,12
884,10,14.03777778,27,12
885,10,12.88277778,48,12
886,10,12.49722222,58,12
887,10,12.01277778,144,12
888,10,11.72222222,120,12
889,10,11.43111111,104,12
890,10,11.23611111,51,12
891,10,11.23611111,8,12
892,10,11.52777778,1,12
893,10,11.91611111,2,12
894,10,11.72222222,3,12
895,10,10.84611111,2,12
896,10,10.55277778,2,12
897,11,9.866111111,2,12
898,11,9.472222222,2,12
899,11,9.275,2,12
900,11,9.275,2,12
901,11,9.176111111,2,12
902,11,8.581111111,1,12
903,11,7.982777778,0,12
904,11,7.982777778,0,12
905,11,7.481111111,40,12
906,11,8.68,352,12
907,11,10.16111111,432,12
908,11,11.52777778,248,12
909,11,12.20722222,208,12
910,11,13.07611111,248,12
911,11,14.13388889,192,12
912,11,14.51722222,82,12
913,11,15.18722222,152,12
914,11,15.09111111,58,12
915,11,14.70888889,21,12
916,11,14.13388889,2,12
917,11,14.23,2,12
918,11,13.94222222,2,12
919,11,13.46111111,2,12
920,11,13.07611111,2,12
921,12,12.98,2,12
922,12,12.59388889,2,12
923,12,12.40111111,2,12
924,12,12.01277778,2,12
925,12,11.72222222,2,12
926,12,11.43111111,2,12
927,12,11.23611111,0,12
928,12,11.04111111,1,12
929,12,11.13888889,44,12
930,12,13.26888889,512,12
931,12,14.80388889,400,12
932,12,16.99888889,117,12
933,12,17.37888889,512,12
934,12,17.28388889,768,12
935,12,17.855,512,12
936,12,17.76,480,12
937,12,17.57,320,12
938,12,16.99888889,109,12
939,12,16.71277778,35,12
940,12,16.52277778,1,12
941,12,16.33222222,3,12
942,12,16.04611111,3,12
943,12,15.855,2,12
944,12,15.28222222,2,12
945,13,14.9,2,12
946,13,12.01277778,3,12
947,13,12.69,2,12
948,13,12.49722222,2,12
949,13,12.49722222,5,12
950,13,12.11,3,12
951,13,12.59388889,0,12
952,13,12.69,1,12
953,13,13.07611111,40,12
954,13,14.13388889,288,12
955,13,15.76,512,12
956,13,16.42722222,320,12
957,13,17.665,672,12
958,13,17.28388889,368,12
959,13,18.23611111,480,12
960,13,18.61611111,480,12
961,13,18.52111111,320,12
962,13,18.33111111,176,12
963,13,17.57,14,12
964,13,17.09388889,2,12
965,13,16.80777778,2,12
966,13,16.52277778,2,12
967,13,16.80777778,2,12
968,13,16.61777778,2,12
969,14,16.61777778,2,12
970,14,16.23722222,1,12
971,14,16.80777778,1,12
972,14,16.52277778,3,12
973,14,16.71277778,2,12
974,14,17.09388889,2,12
975,14,16.80777778,0,12
976,14,16.33222222,0,12
977,14,16.61777778,27,12
978,14,16.99888889,63,12
979,14,18.14,272,12
980,14,18.33111111,336,12
981,14,18.71111111,256,12
982,14,19.47222222,368,12
983,14,20.23388889,272,12
984,14,20.615,400,12
985,14,20.805,272,12
986,14,21.09111111,84,12
987,14,20.23388889,15,12
988,14,19.09222222,2,12
989,14,19.37722222,2,12
990,14,19.28222222,2,12
991,14,18.90111111,2,12
992,14,18.61611111,2,12
993,15,17.76,2,12
994,15,17.76,3,12
995,15,17.665,3,12
996,15,17.57,3,12
997,15,16.90277778,2,12
998,15,16.42722222,1,12
999,15,16.23722222,0,12
1000,15,16.14111111,0,12
1001,15,16.33222222,24,12
1002,15,16.80777778,89,12
1003,1,22.33277778,192,13
1004,1,23.1,216,13
1005,1,22.90777778,105,13
1006,1,23.19611111,176,13
1007,1,23.77277778,6,13
1008,1,21.56888889,27,13
1009,1,21.95111111,19,13
1010,1,21.66388889,0,13
1011,1,19.85277778,0,13
1012,1,19.18722222,0,13
1013,1,18.33111111,0,13
1014,1,18.14,0,13
1015,2,17.76,0,13
1016,2,16.99888889,0,13
1017,2,16.52277778,0,13
1018,2,16.23722222,0,13
1019,2,11.33388889,0,13
1020,2,12.59388889,0,13
1021,2,13.07611111,0,13
1022,2,12.98,2,13
1023,2,13.07611111,12,13
1024,2,14.23,125,13
1025,2,15.37777778,256,13
1026,2,16.23722222,224,13
1027,2,17.57,192,13
1028,2,17.475,39,13
1029,2,18.045,115,13
1030,2,17.37888889,39,13
1031,2,17.475,97,13
1032,2,16.80777778,11,13
1033,2,16.52277778,4,13
1034,2,15.95111111,0,13
1035,2,15.56888889,0,13
1036,2,15.09111111,0,13
1037,2,14.42111111,0,13
1038,2,14.23,0,13
1039,3,13.84611111,0,13
1040,3,13.84611111,0,13
1041,3,13.46111111,0,13
1042,3,12.98,0,13
1043,3,12.78722222,0,13
1044,3,12.98,0,13
1045,3,13.07611111,0,13
1046,3,13.17277778,1,13
1047,3,13.75,28,13
1048,3,14.99611111,110,13
1049,3,15.37777778,124,13
1050,3,16.80777778,216,13
1051,3,18.42611111,224,13
1052,3,18.80611111,152,13
1053,3,20.13777778,136,13
1054,3,19.85277778,41,13
1055,3,21.56888889,122,13
1056,3,20.805,14,13
1057,3,21.28222222,6,13
1058,3,20.32888889,0,13
1059,3,20.71,0,13
1060,3,19.85277778,0,13
1061,3,19.09222222,0,13
1062,3,18.23611111,0,13
1063,4,17.95,0,13
1064,4,17.37888889,0,13
1065,4,17.28388889,0,13
1066,4,16.90277778,0,13
1067,4,14.13388889,0,13
1068,4,14.9,0,13
1069,4,15.47277778,0,13
1070,4,16.04611111,0,13
1071,4,16.71277778,18,13
1072,4,17.665,87,13
1073,4,18.23611111,168,13
1074,4,19.47222222,176,13
1075,4,20.13777778,152,13
1076,4,20.51888889,128,13
1077,4,20.51888889,128,13
1078,4,21.28222222,118,13
1079,4,22.04611111,94,13
1080,4,22.14222222,43,13
1081,4,22.23777778,7,13
1082,4,22.23777778,0,13
1083,4,21.56888889,0,13
1084,4,21.37777778,0,13
1085,4,21.09111111,0,13
1086,4,20.71,0,13
1087,5,20.32888889,0,13
1088,5,20.13777778,0,13
1089,5,19.94777778,0,13
1090,5,19.94777778,0,13
1091,5,19.47222222,0,13
1092,5,19.37722222,0,13
1093,5,19.28222222,0,13
1094,5,19.18722222,0,13
1095,5,19.37722222,33,13
1096,5,18.90111111,95,13
1097,5,19.09222222,128,13
1098,5,19.09222222,71,13
1099,5,19.66222222,152,13
1100,5,20.32888889,152,13
1101,5,20.71,200,13
1102,5,20.71,136,13
1103,5,19.85277778,59,13
1104,5,19.28222222,32,13
1105,5,18.80611111,1,13
1106,5,18.71111111,0,13
1107,5,17.76,0,13
1108,5,17.475,0,13
1109,5,17.28388889,0,13
1110,5,16.90277778,0,13
1111,6,16.61777778,0,13
1112,6,15.09111111,0,13
1113,6,14.23,0,13
1114,6,13.26888889,0,13
1115,6,11.23611111,0,13
1116,6,11.13888889,0,13
1117,6,10.94388889,0,13
1118,6,10.65111111,0,13
1119,6,10.65111111,3,13
1120,6,10.74777778,9,13
1121,6,11.13888889,35,13
1122,6,11.33388889,26,13
1123,6,11.23611111,22,13
1124,6,11.23611111,23,13
1125,6,11.625,40,13
1126,6,11.81888889,22,13
1127,6,11.81888889,12,13
1128,6,11.81888889,8,13
1129,6,12.69,2,13
1130,6,13.17277778,0,13
1131,6,13.26888889,0,13
1132,6,13.46111111,0,13
1133,6,13.65388889,0,13
1134,6,13.46111111,0,13
1135,7,13.75,0,13
1136,7,13.55777778,0,13
1137,7,12.30388889,0,13
1138,7,11.91611111,0,13
1139,7,12.20722222,0,13
1140,7,12.40111111,0,13
1141,7,12.49722222,0,13
1142,7,12.69,0,13
1143,7,12.78722222,4,13
1144,7,12.69,12,13
1145,7,13.17277778,70,13
1146,7,13.75,75,13
1147,7,14.13388889,128,13
1148,7,14.42111111,101,13
1149,7,14.325,68,13
1150,7,14.42111111,99,13
1151,7,14.80388889,27,13
1152,7,14.51722222,35,13
1153,7,14.61277778,6,13
1154,7,14.42111111,0,13
1155,7,14.61277778,0,13
1156,7,14.70888889,0,13
1157,7,15.09111111,0,13
1158,7,14.99611111,0,13
1159,8,14.42111111,0,13
1160,8,13.65388889,0,13
1161,8,13.17277778,0,13
1162,8,12.88277778,0,13
1163,8,11.04111111,0,13
1164,8,11.43111111,0,13
1165,8,11.625,0,13
1166,8,11.72222222,0,13
1167,8,12.01277778,12,13
1168,8,12.98,106,13
1169,8,13.94222222,168,13
1170,8,16.04611111,400,13
1171,8,17.475,184,13
1172,8,18.33111111,256,13
1173,8,19.66222222,136,13
1174,8,19.18722222,38,13
1175,8,20.04277778,112,13
1176,8,20.04277778,13,13
1177,8,19.94777778,4,13
1178,8,19.28222222,0,13
1179,8,19.28222222,0,13
1180,8,18.90111111,0,13
1181,8,18.71111111,0,13
1182,8,18.23611111,0,13
1183,9,18.14,0,13
1184,9,17.95,0,13
1185,9,18.045,0,13
1186,9,18.23611111,0,13
1187,9,14.51722222,0,13
1188,9,15.76,0,13
1189,9,16.42722222,0,13
1190,9,16.80777778,1,13
1191,9,16.90277778,14,13
1192,9,18.045,95,13
1193,9,19.18722222,184,13
1194,9,20.805,384,13
1195,9,21.56888889,184,13
1196,9,21.95111111,168,13
1197,9,22.04611111,125,13
1198,9,21.28222222,55,13
1199,9,21.09111111,89,13
1200,9,20.615,14,13
1201,9,19.75777778,4,13
1202,9,19.18722222,0,13
1203,9,19.37722222,0,13
1204,9,19.94777778,0,13
1205,9,20.04277778,0,13
1206,9,19.85277778,0,13
1207,10,19.75777778,0,13
1208,10,19.28222222,0,13
1209,10,19.66222222,0,13
1210,10,19.47222222,0,13
1211,10,19.85277778,0,13
1212,10,20.42388889,0,13
1213,10,19.85277778,0,13
1214,10,17.95,0,13
1215,10,17.76,37,13
1216,10,17.855,53,13
1217,10,16.80777778,39,13
1218,10,13.46111111,4,13
1219,10,12.78722222,9,13
1220,10,12.59388889,9,13
1221,10,11.625,24,13
1222,10,11.625,20,13
1223,10,11.33388889,21,13
1224,10,11.33388889,9,13
1225,10,11.13888889,0,13
1226,10,11.43111111,0,13
1227,10,11.91611111,0,13
1228,10,11.43111111,0,13
1229,10,10.65111111,0,13
1230,10,10.06277778,0,13
1231,11,9.866111111,0,13
1232,11,9.571111111,0,13
1233,11,9.767777778,0,13
1234,11,9.767777778,0,13
1235,11,9.176111111,0,13
1236,11,8.977777778,0,13
1237,11,8.481111111,0,13
1238,11,8.282222222,0,13
1239,11,7.582222222,10,13
1240,11,8.68,86,13
1241,11,9.965,184,13
1242,11,11.91611111,272,13
1243,11,13.17277778,200,13
1244,11,13.84611111,152,13
1245,11,14.70888889,136,13
1246,11,14.70888889,38,13
1247,11,15.28222222,123,13
1248,11,15.37777778,10,13
1249,11,15.28222222,2,13
1250,11,14.42111111,0,13
1251,11,14.61277778,0,13
1252,11,14.23,0,13
1253,11,13.94222222,0,13
1254,11,13.26888889,0,13
1255,12,13.84611111,0,13
1256,12,12.98,0,13
1257,12,12.59388889,0,13
1258,12,12.30388889,0,13
1259,12,12.01277778,0,13
1260,12,12.20722222,0,13
1261,12,12.88277778,0,13
1262,12,12.88277778,0,13
1263,12,13.07611111,15,13
1264,12,14.13388889,89,13
1265,12,15.09111111,184,13
1266,12,17.95,49,13
1267,12,17.665,192,13
1268,12,17.18888889,144,13
1269,12,17.76,122,13
1270,12,17.665,73,13
1271,12,17.475,112,13
1272,12,16.99888889,22,13
1273,12,16.71277778,5,13
1274,12,16.99888889,0,13
1275,12,16.71277778,0,13
1276,12,16.52277778,0,13
1277,12,16.42722222,0,13
1278,12,16.23722222,0,13
1279,13,15.855,0,13
1280,13,15.56888889,0,13
1281,13,15.47277778,0,13
1282,13,14.99611111,0,13
1283,13,13.46111111,0,13
1284,13,13.65388889,0,13
1285,13,14.325,0,13
1286,13,14.61277778,0,13
1287,13,14.99611111,21,13
1288,13,15.76,109,13
1289,13,16.80777778,176,13
1290,13,17.665,144,13
1291,13,18.99611111,168,13
1292,13,17.95,95,13
1293,13,18.52111111,99,13
1294,13,18.90111111,136,13
1295,13,18.61611111,58,13
1296,13,18.42611111,37,13
1297,13,17.665,2,13
1298,13,17.18888889,0,13
1299,13,16.99888889,0,13
1300,13,16.61777778,0,13
1301,13,17.28388889,0,13
1302,13,16.99888889,0,13
1303,14,16.99888889,0,13
1304,14,16.71277778,0,13
1305,14,17.475,0,13
1306,14,17.57,0,13
1307,14,17.855,0,13
1308,14,17.855,0,13
1309,14,16.90277778,0,13
1310,14,16.61777778,0,13
1311,14,16.61777778,6,13
1312,14,17.28388889,14,13
1313,14,18.045,75,13
1314,14,17.76,85,13
1315,14,18.23611111,67,13
1316,14,19.66222222,71,13
1317,14,20.615,72,13
1318,14,20.615,77,13
1319,14,21.09111111,115,13
1320,14,21.56888889,15,13
1321,14,20.615,2,13
1322,14,19.18722222,0,13
1323,14,19.56722222,0,13
1324,14,19.85277778,0,13
1325,14,19.37722222,0,13
1326,14,18.71111111,0,13
1327,15,17.76,0,13
1328,15,18.80611111,0,13
1329,15,19.09222222,0,13
1330,15,18.71111111,0,13
1331,15,16.90277778,0,13
1332,15,16.42722222,0,13
1333,15,16.23722222,0,13
1334,15,16.14111111,0,13
1335,15,16.42722222,7,13
1336,15,16.80777778,28,13
1337,1,22.23777778,368,14
1338,1,24.06222222,864,14
1339,1,23.48388889,480,14
1340,1,23.86888889,704,14
1341,1,23.96611111,27,14
1342,1,20.99611111,176,14
1343,1,22.04611111,103,14
1344,1,21.66388889,0,14
1345,1,19.66222222,0,14
1346,1,18.90111111,0,14
1347,1,18.045,0,14
1348,1,17.665,0,14
1349,2,17.665,0,14
1350,2,16.90277778,0,14
1351,2,16.23722222,0,14
1352,2,15.76,0,14
1353,2,14.99611111,0,14
1354,2,14.325,0,14
1355,2,13.94222222,0,14
1356,2,13.55777778,0,14
1357,2,13.365,0,14
1358,2,14.03777778,0,14
1359,2,29.85277778,0,14
1360,2,25.41611111,0,14
1361,2,16.99888889,0,14
1362,2,17.665,0,14
1363,2,19.18722222,0,14
1364,2,17.28388889,0,14
1365,2,17.475,0,14
1366,2,16.80777778,0,14
1367,2,16.33222222,0,14
1368,2,15.66388889,0,14
1369,2,15.28222222,0,14
1370,2,14.70888889,0,14
1371,2,14.13388889,0,14
1372,2,13.75,0,14
1373,3,13.65388889,0,14
1374,3,13.46111111,0,14
1375,3,13.365,0,14
1376,3,12.98,0,14
1377,3,12.59388889,0,14
1378,3,9.077222222,0,14
1379,3,10.16111111,0,14
1380,3,10.94388889,0,14
1381,3,12.20722222,0,14
1382,3,13.17277778,0,14
1383,3,14.9,0,14
1384,3,22.42888889,0,14
1385,3,17.18888889,0,14
1386,3,17.855,0,14
1387,3,20.23388889,0,14
1388,3,19.37722222,0,14
1389,3,20.51888889,0,14
1390,3,20.805,0,14
1391,3,20.42388889,0,14
1392,3,20.23388889,0,14
1393,3,20.13777778,0,14
1394,3,19.47222222,0,14
1395,3,18.71111111,0,14
1396,3,18.045,0,14
1397,4,17.665,0,14
1398,4,17.18888889,0,14
1399,4,16.90277778,0,14
1400,4,16.71277778,0,14
1401,4,16.61777778,0,14
1402,4,16.14111111,0,14
1403,4,16.14111111,0,14
1404,4,16.23722222,0,14
1405,4,16.71277778,0,14
1406,4,17.475,0,14
1407,4,25.90222222,0,14
1408,4,21.76,0,14
1409,4,20.90111111,0,14
1410,4,21.09111111,0,14
1411,4,21.18722222,0,14
1412,4,21.855,0,14
1413,4,22.33277778,0,14
1414,4,22.23777778,0,14
1415,4,22.04611111,0,14
1416,4,22.04611111,0,14
1417,4,21.47277778,0,14
1418,4,21.28222222,0,14
1419,4,20.99611111,0,14
1420,4,20.71,0,14
1421,5,20.32888889,0,14
1422,5,20.23388889,0,14
1423,5,19.94777778,0,14
1424,5,19.94777778,0,14
1425,5,19.37722222,0,14
1426,5,17.475,0,14
1427,5,17.475,0,14
1428,5,17.475,0,14
1429,5,17.475,0,14
1430,5,17.37888889,0,14
1431,5,18.14,0,14
1432,5,18.33111111,0,14
1433,5,19.66222222,0,14
1434,5,20.42388889,0,14
1435,5,20.42388889,0,14
1436,5,20.71,0,14
1437,5,19.94777778,0,14
1438,5,19.18722222,0,14
1439,5,18.61611111,0,14
1440,5,18.61611111,0,14
1441,5,17.76,0,14
1442,5,17.57,0,14
1443,5,17.37888889,0,14
1444,5,16.90277778,0,14
1445,6,16.52277778,0,14
1446,6,14.61277778,0,14
1447,6,13.84611111,0,14
1448,6,12.88277778,0,14
1449,6,11.91611111,0,14
1450,6,11.33388889,0,14
1451,6,11.13888889,0,14
1452,6,10.84611111,0,14
1453,6,10.74777778,0,14
1454,6,10.65111111,0,14
1455,6,11.33388889,0,14
1456,6,11.52777778,0,14
1457,6,11.52777778,0,14
1458,6,11.33388889,0,14
1459,6,11.81888889,0,14
1460,6,11.81888889,0,14
1461,6,11.91611111,0,14
1462,6,11.81888889,0,14
1463,6,12.78722222,0,14
1464,6,13.26888889,0,14
1465,6,13.365,0,14
1466,6,13.46111111,0,14
1467,6,13.75,0,14
1468,6,13.55777778,0,14
1469,7,13.84611111,0,14
1470,7,13.55777778,0,14
1471,7,12.30388889,0,14
1472,7,12.01277778,0,14
1473,7,12.20722222,0,14
1474,7,12.49722222,0,14
1475,7,12.59388889,0,14
1476,7,12.88277778,0,14
1477,7,12.88277778,0,14
1478,7,12.88277778,0,14
1479,7,13.46111111,0,14
1480,7,14.13388889,0,14
1481,7,14.70888889,0,14
1482,7,14.99611111,0,14
1483,7,14.61277778,0,14
1484,7,14.80388889,0,14
1485,7,14.80388889,0,14
1486,7,14.42111111,0,14
1487,7,14.42111111,0,14
1488,7,14.13388889,0,14
1489,7,14.325,0,14
1490,7,14.61277778,0,14
1491,7,14.70888889,0,14
1492,7,14.80388889,0,14
1493,8,14.13388889,0,14
1494,8,13.26888889,0,14
1495,8,12.78722222,0,14
1496,8,12.20722222,0,14
1497,8,12.11,0,14
1498,8,12.20722222,0,14
1499,8,12.20722222,0,14
1500,8,12.20722222,0,14
1501,8,12.30388889,0,14
1502,8,14.23,0,14
1503,8,26.39,0,14
1504,8,16.80777778,0,14
1505,8,17.28388889,0,14
1506,8,18.42611111,0,14
1507,8,20.32888889,0,14
1508,8,19.37722222,0,14
1509,8,20.23388889,0,14
1510,8,20.13777778,0,14
1511,8,20.04277778,0,14
1512,8,19.18722222,0,14
1513,8,19.18722222,0,14
1514,8,18.71111111,0,14
1515,8,18.71111111,0,14
1516,8,18.23611111,0,14
1517,9,18.14,0,14
1518,9,17.855,0,14
1519,9,18.14,0,14
1520,9,17.28388889,0,14
1521,9,16.80777778,0,14
1522,9,13.75,0,14
1523,9,14.03777778,0,14
1524,9,14.42111111,0,14
1525,9,14.99611111,0,14
1526,9,17.18888889,0,14
1527,9,30.35611111,0,14
1528,9,20.13777778,0,14
1529,9,20.615,0,14
1530,9,21.66388889,0,14
1531,9,22.33277778,0,14
1532,9,21.28222222,0,14
1533,9,21.18722222,0,14
1534,9,20.32888889,0,14
1535,9,19.56722222,0,14
1536,9,18.99611111,0,14
1537,9,18.99611111,0,14
1538,9,19.18722222,0,14
1539,9,19.56722222,0,14
1540,9,19.28222222,0,14
1541,10,19.37722222,0,14
1542,10,19.18722222,0,14
1543,10,19.18722222,0,14
1544,10,19.09222222,0,14
1545,10,19.37722222,0,14
1546,10,19.56722222,0,14
1547,10,19.66222222,0,14
1548,10,17.475,0,14
1549,10,17.76,0,14
1550,10,17.855,0,14
1551,10,16.61777778,0,14
1552,10,13.84611111,0,14
1553,10,12.88277778,0,14
1554,10,12.49722222,0,14
1555,10,11.91611111,0,14
1556,10,11.625,0,14
1557,10,11.43111111,0,14
1558,10,11.33388889,0,14
1559,10,11.23611111,0,14
1560,10,11.43111111,0,14
1561,10,11.91611111,0,14
1562,10,11.625,0,14
1563,10,10.74777778,0,14
1564,10,10.25888889,0,14
1565,11,9.668888889,0,14
1566,11,9.668888889,0,14
1567,11,9.571111111,0,14
1568,11,9.668888889,0,14
1569,11,9.571111111,0,14
1570,11,8.581111111,0,14
1571,11,7.682222222,0,14
1572,11,7.682222222,0,14
1573,11,7.078888889,0,14
1574,11,8.977777778,0,14
1575,11,23.19611111,0,14
1576,11,11.625,0,14
1577,11,12.20722222,0,14
1578,11,13.07611111,0,14
1579,11,14.9,0,14
1580,11,14.80388889,0,14
1581,11,15.28222222,0,14
1582,11,14.9,0,14
1583,11,14.51722222,0,14
1584,11,13.94222222,0,14
1585,11,14.42111111,0,14
1586,11,14.03777778,0,14
1587,11,13.17277778,0,14
1588,11,12.88277778,0,14
1589,12,12.69,0,14
1590,12,12.49722222,0,14
1591,12,12.30388889,0,14
1592,12,11.91611111,0,14
1593,12,11.625,0,14
1594,12,11.33388889,0,14
1595,12,11.04111111,0,14
1596,12,10.94388889,0,14
1597,12,11.04111111,0,14
1598,12,13.17277778,0,14
1599,12,30.05388889,0,14
1600,12,17.28388889,0,14
1601,12,17.665,0,14
1602,12,17.475,0,14
1603,12,17.95,0,14
1604,12,17.57,0,14
1605,12,17.28388889,0,14
1606,12,16.80777778,0,14
1607,12,16.33222222,0,14
1608,12,16.04611111,0,14
1609,12,15.95111111,0,14
1610,12,15.56888889,0,14
1611,12,15.37777778,0,14
1612,12,14.80388889,0,14
1613,13,14.51722222,0,14
1614,13,13.84611111,0,14
1615,13,13.75,0,14
1616,13,13.55777778,0,14
1617,13,13.75,0,14
1618,13,12.01277778,0,14
1619,13,12.20722222,0,14
1620,13,12.30388889,0,14
1621,13,12.88277778,0,14
1622,13,14.23,0,14
1623,13,19.18722222,0,14
1624,13,16.99888889,0,14
1625,13,17.95,0,14
1626,13,17.665,0,14
1627,13,18.52111111,0,14
1628,13,18.90111111,0,14
1629,13,18.42611111,0,14
1630,13,18.23611111,0,14
1631,13,17.57,0,14
1632,13,17.09388889,0,14
1633,13,16.71277778,0,14
1634,13,16.61777778,0,14
1635,13,16.61777778,0,14
1636,13,16.52277778,0,14
1637,14,16.52277778,0,14
1638,14,16.23722222,0,14
1639,14,16.52277778,0,14
1640,14,16.42722222,0,14
1641,14,16.52277778,0,14
1642,14,16.80777778,0,14
1643,14,16.80777778,0,14
1644,14,16.33222222,0,14
1645,14,16.61777778,0,14
1646,14,16.99888889,0,14
1647,14,17.855,0,14
1648,14,18.14,0,14
1649,14,18.61611111,0,14
1650,14,19.56722222,0,14
1651,14,20.23388889,0,14
1652,14,20.71,0,14
1653,14,20.99611111,0,14
1654,14,21.09111111,0,14
1655,14,20.23388889,0,14
1656,14,19.09222222,0,14
1657,14,19.09222222,0,14
1658,14,18.99611111,0,14
1659,14,18.71111111,0,14
1660,14,18.42611111,0,14
1661,15,17.76,0,14
1662,15,18.14,0,14
1663,15,18.23611111,0,14
1664,15,17.95,0,14
1665,15,17.18888889,0,14
1666,15,16.52277778,0,14
1667,15,16.23722222,0,14
1668,15,16.23722222,0,14
1669,15,16.42722222,0,14
1670,15,16.90277778,0,14
1671,1,22.42888889,464,15
1672,1,23.19611111,512,15
1673,1,23.1,256,15
1674,1,23.48388889,288,15
1675,1,23.96611111,11,15
1676,1,21.18722222,56,15
1677,1,22.04611111,40,15
1678,1,21.76,0,15
1679,1,20.51888889,0,15
1680,1,20.23388889,0,15
1681,1,19.37722222,0,15
1682,1,19.18722222,0,15
1683,2,18.14,0,15
1684,2,17.18888889,0,15
1685,2,17.09388889,0,15
1686,2,16.90277778,0,15
1687,2,11.81888889,0,15
1688,2,12.40111111,0,15
1689,2,13.17277778,0,15
1690,2,13.17277778,2,15
1691,2,13.17277778,22,15
1692,2,14.42111111,125,15
1693,2,20.42388889,496,15
1694,2,16.71277778,480,15
1695,2,18.045,496,15
1696,2,17.855,106,15
1697,2,18.42611111,384,15
1698,2,17.855,67,15
1699,2,17.76,208,15
1700,2,17.28388889,34,15
1701,2,17.475,11,15
1702,2,16.99888889,0,15
1703,2,16.23722222,0,15
1704,2,16.14111111,0,15
1705,2,15.66388889,0,15
1706,2,15.66388889,0,15
1707,3,14.13388889,0,15
1708,3,15.18722222,0,15
1709,3,13.65388889,0,15
1710,3,13.07611111,0,15
1711,3,13.26888889,0,15
1712,3,13.17277778,0,15
1713,3,13.46111111,0,15
1714,3,13.84611111,2,15
1715,3,14.70888889,36,15
1716,3,17.18888889,111,15
1717,3,15.76,160,15
1718,3,17.18888889,480,15
1719,3,18.80611111,464,15
1720,3,19.37722222,384,15
1721,3,21.28222222,336,15
1722,3,20.42388889,79,15
1723,3,22.525,192,15
1724,3,21.09111111,39,15
1725,3,22.42888889,16,15
1726,3,21.18722222,0,15
1727,3,21.37777778,0,15
1728,3,20.51888889,0,15
1729,3,19.47222222,0,15
1730,3,18.71111111,0,15
1731,4,18.42611111,0,15
1732,4,17.57,0,15
1733,4,17.665,0,15
1734,4,17.18888889,0,15
1735,4,14.13388889,0,15
1736,4,14.70888889,0,15
1737,4,15.56888889,0,15
1738,4,16.23722222,1,15
1739,4,17.475,26,15
1740,4,17.475,114,15
1741,4,19.09222222,336,15
1742,4,19.66222222,336,15
1743,4,20.23388889,304,15
1744,4,20.99611111,256,15
1745,4,20.71,248,15
1746,4,21.76,256,15
1747,4,22.90777778,184,15
1748,4,23.00388889,90,15
1749,4,23.00388889,14,15
1750,4,22.90777778,0,15
1751,4,22.04611111,0,15
1752,4,21.76,0,15
1753,4,21.56888889,0,15
1754,4,20.90111111,0,15
1755,5,20.51888889,0,15
1756,5,20.32888889,0,15
1757,5,20.04277778,0,15
1758,5,20.04277778,0,15
1759,5,19.66222222,0,15
1760,5,19.47222222,0,15
1761,5,19.66222222,0,15
1762,5,20.71,0,15
1763,5,19.94777778,43,15
1764,5,18.99611111,111,15
1765,5,19.47222222,192,15
1766,5,19.18722222,122,15
1767,5,19.47222222,288,15
1768,5,20.805,288,15
1769,5,21.56888889,416,15
1770,5,21.37777778,288,15
1771,5,20.04277778,109,15
1772,5,19.47222222,61,15
1773,5,18.90111111,2,15
1774,5,18.80611111,0,15
1775,5,17.95,0,15
1776,5,17.665,0,15
1777,5,17.475,0,15
1778,5,17.09388889,0,15
1779,6,16.80777778,0,15
1780,6,15.28222222,0,15
1781,6,14.325,0,15
1782,6,13.46111111,0,15
1783,6,11.43111111,0,15
1784,6,11.23611111,0,15
1785,6,11.13888889,0,15
1786,6,10.74777778,0,15
1787,6,10.74777778,5,15
1788,6,10.65111111,16,15
1789,6,11.13888889,60,15
1790,6,11.43111111,49,15
1791,6,11.33388889,45,15
1792,6,11.23611111,40,15
1793,6,11.72222222,62,15
1794,6,11.81888889,34,15
1795,6,11.91611111,20,15
1796,6,11.81888889,16,15
1797,6,12.78722222,4,15
1798,6,13.26888889,0,15
1799,6,13.46111111,0,15
1800,6,13.46111111,0,15
1801,6,13.75,0,15
1802,6,13.46111111,0,15
1803,7,13.75,0,15
1804,7,13.46111111,0,15
1805,7,12.20722222,0,15
1806,7,11.91611111,0,15
1807,7,12.11,0,15
1808,7,12.40111111,0,15
1809,7,12.49722222,0,15
1810,7,12.88277778,0,15
1811,7,12.88277778,7,15
1812,7,12.78722222,32,15
1813,7,13.17277778,120,15
1814,7,14.03777778,123,15
1815,7,14.23,200,15
1816,7,14.51722222,184,15
1817,7,14.9,122,15
1818,7,14.9,152,15
1819,7,15.56888889,47,15
1820,7,15.28222222,68,15
1821,7,15.76,12,15
1822,7,15.76,0,15
1823,7,16.14111111,0,15
1824,7,15.855,0,15
1825,7,16.71277778,0,15
1826,7,16.61777778,0,15
1827,8,16.23722222,0,15
1828,8,14.42111111,0,15
1829,8,14.13388889,0,15
1830,8,14.42111111,0,15
1831,8,11.04111111,0,15
1832,8,11.13888889,0,15
1833,8,11.81888889,0,15
1834,8,11.72222222,1,15
1835,8,12.01277778,20,15
1836,8,12.98,136,15
1837,8,14.13388889,400,15
1838,8,15.66388889,480,15
1839,8,17.18888889,448,15
1840,8,18.71111111,320,15
1841,8,20.615,336,15
1842,8,19.75777778,67,15
1843,8,20.13777778,144,15
1844,8,20.51888889,34,15
1845,8,20.04277778,10,15
1846,8,20.13777778,0,15
1847,8,19.94777778,0,15
1848,8,19.56722222,0,15
1849,8,18.80611111,0,15
1850,8,18.33111111,0,15
1851,9,18.23611111,0,15
1852,9,19.56722222,0,15
1853,9,18.14,0,15
1854,9,19.37722222,0,15
1855,9,14.70888889,0,15
1856,9,16.99888889,0,15
1857,9,17.57,0,15
1858,9,17.57,1,15
1859,9,17.37888889,20,15
1860,9,18.90111111,118,15
1861,9,20.04277778,368,15
1862,9,20.615,496,15
1863,9,21.855,432,15
1864,9,22.33277778,320,15
1865,9,22.33277778,304,15
1866,9,21.37777778,121,15
1867,9,21.37777778,128,15
1868,9,20.99611111,34,15
1869,9,20.13777778,14,15
1870,9,19.47222222,0,15
1871,9,20.23388889,0,15
1872,9,20.90111111,0,15
1873,9,20.99611111,0,15
1874,9,20.51888889,0,15
1875,10,20.42388889,0,15
1876,10,19.47222222,0,15
1877,10,20.615,0,15
1878,10,20.23388889,0,15
1879,10,20.90111111,0,15
1880,10,21.56888889,0,15
1881,10,20.32888889,0,15
1882,10,18.23611111,0,15
1883,10,18.61611111,70,15
1884,10,18.61611111,77,15
1885,10,17.28388889,75,15
1886,10,13.75,9,15
1887,10,13.26888889,16,15
1888,10,13.07611111,18,15
1889,10,12.01277778,44,15
1890,10,11.91611111,36,15
1891,10,11.72222222,37,15
1892,10,12.01277778,17,15
1893,10,11.91611111,2,15
1894,10,12.49722222,0,15
1895,10,13.07611111,0,15
1896,10,11.91611111,0,15
1897,10,11.04111111,0,15
1898,10,10.65111111,0,15
1899,11,10.84611111,0,15
1900,11,10.35722222,0,15
1901,11,10.25888889,0,15
1902,11,10.74777778,0,15
1903,11,10.06277778,0,15
1904,11,10.16111111,0,15
1905,11,9.472222222,0,15
1906,11,9.077222222,0,15
1907,11,8.082222222,18,15
1908,11,10.06277778,144,15
1909,11,10.65111111,384,15
1910,11,12.11,448,15
1911,11,13.65388889,432,15
1912,11,14.61277778,352,15
1913,11,15.66388889,320,15
1914,11,15.18722222,66,15
1915,11,15.855,124,15
1916,11,16.42722222,28,15
1917,11,16.71277778,6,15
1918,11,16.04611111,0,15
1919,11,14.9,0,15
1920,11,15.09111111,0,15
1921,11,15.95111111,0,15
1922,11,14.23,0,15
1923,12,16.23722222,0,15
1924,12,14.03777778,0,15
1925,12,13.07611111,0,15
1926,12,14.70888889,0,15
1927,12,12.49722222,0,15
1928,12,14.61277778,0,15
1929,12,14.03777778,0,15
1930,12,14.325,0,15
1931,12,14.325,21,15
1932,12,14.9,152,15
1933,12,15.76,352,15
1934,12,18.045,78,15
1935,12,17.95,496,15
1936,12,17.57,256,15
1937,12,18.045,200,15
1938,12,18.14,152,15
1939,12,17.76,288,15
1940,12,17.28388889,47,15
1941,12,16.99888889,10,15
1942,12,17.28388889,0,15
1943,12,16.90277778,0,15
1944,12,16.52277778,0,15
1945,12,16.61777778,0,15
1946,12,16.80777778,0,15
1947,13,16.52277778,0,15
1948,13,16.14111111,0,15
1949,13,16.04611111,0,15
1950,13,16.52277778,0,15
1951,13,13.46111111,0,15
1952,13,14.61277778,0,15
1953,13,14.99611111,0,15
1954,13,15.28222222,0,15
1955,13,15.56888889,24,15
1956,13,16.71277778,200,15
1957,13,17.665,288,15
1958,13,17.855,176,15
1959,13,19.37722222,272,15
1960,13,18.33111111,192,15
1961,13,18.71111111,208,15
1962,13,19.66222222,240,15
1963,13,18.99611111,104,15
1964,13,18.99611111,79,15
1965,13,17.855,5,15
1966,13,17.57,0,15
1967,13,17.37888889,0,15
1968,13,16.80777778,0,15
1969,13,17.855,0,15
1970,13,17.57,0,15
1971,14,17.76,0,15
1972,14,17.37888889,0,15
1973,14,17.95,0,15
1974,14,18.33111111,0,15
1975,14,18.33111111,0,15
1976,14,18.42611111,0,15
1977,14,17.57,0,15
1978,14,17.37888889,0,15
1979,14,16.90277778,10,15
1980,14,17.95,23,15
1981,14,18.61611111,108,15
1982,14,18.14,128,15
1983,14,18.61611111,106,15
1984,14,20.32888889,128,15
1985,14,21.28222222,116,15
1986,14,21.09111111,168,15
1987,14,21.95111111,144,15
1988,14,22.23777778,37,15
1989,14,21.37777778,6,15
1990,14,19.56722222,0,15
1991,14,20.32888889,0,15
1992,14,20.42388889,0,15
1993,14,19.94777778,0,15
1994,14,19.75777778,0,15
1995,15,17.95,0,15
1996,15,19.28222222,0,15
1997,15,19.37722222,0,15
1998,15,19.09222222,0,15
1999,15,17.09388889,0,15
2000,15,16.71277778,0,15
2001,15,16.42722222,0,15
2002,15,16.23722222,0,15
2003,15,16.52277778,13,15
2004,15,16.80777778,50,15
2005,1,21.95111111,71,16
2006,1,23.67722222,304,16
2007,1,23.29222222,160,16
2008,1,23.58111111,200,16
2009,1,23.77277778,8,16
2010,1,20.42388889,51,16
2011,1,21.66388889,26,16
2012,1,21.47277778,0,16
2013,1,20.32888889,0,16
2014,1,20.04277778,0,16
2015,1,19.18722222,0,16
2016,1,19.47222222,0,16
2017,2,18.14,0,16
2018,2,17.09388889,0,16
2019,2,16.99888889,0,16
2020,2,16.99888889,0,16
2021,2,15.66388889,0,16
2022,2,14.9,0,16
2023,2,14.23,0,16
2024,2,13.84611111,0,16
2025,2,13.55777778,5,16
2026,2,14.51722222,25,16
2027,2,16.23722222,86,16
2028,2,16.90277778,152,16
2029,2,17.37888889,49,16
2030,2,18.045,87,16
2031,2,18.33111111,52,16
2032,2,17.665,20,16
2033,2,17.665,17,16
2034,2,17.18888889,10,16
2035,2,17.09388889,5,16
2036,2,17.09388889,0,16
2037,2,16.52277778,0,16
2038,2,16.33222222,0,16
2039,2,15.18722222,0,16
2040,2,15.47277778,0,16
2041,3,14.03777778,0,16
2042,3,13.26888889,0,16
2043,3,12.69,0,16
2044,3,12.49722222,0,16
2045,3,11.81888889,0,16
2046,3,12.40111111,0,16
2047,3,12.69,0,16
2048,3,13.26888889,1,16
2049,3,14.42111111,25,16
2050,3,17.37888889,29,16
2051,3,16.14111111,128,16
2052,3,16.90277778,102,16
2053,3,19.37722222,59,16
2054,3,18.80611111,45,16
2055,3,21.76,48,16
2056,3,20.71,32,16
2057,3,22.81222222,24,16
2058,3,20.615,14,16
2059,3,23.67722222,8,16
2060,3,20.71,0,16
2061,3,22.23777778,0,16
2062,3,21.09111111,0,16
2063,3,19.56722222,0,16
2064,3,19.09222222,0,16
2065,4,18.71111111,0,16
2066,4,17.665,0,16
2067,4,17.76,0,16
2068,4,17.37888889,0,16
2069,4,17.665,0,16
2070,4,16.61777778,0,16
2071,4,16.71277778,0,16
2072,4,17.18888889,0,16
2073,4,18.61611111,10,16
2074,4,18.045,30,16
2075,4,18.52111111,90,16
2076,4,20.32888889,136,16
2077,4,20.90111111,176,16
2078,4,22.71722222,200,16
2079,4,21.66388889,216,16
2080,4,22.90777778,192,16
2081,4,23.96611111,144,16
2082,4,23.38777778,69,16
2083,4,23.48388889,10,16
2084,4,23.58111111,0,16
2085,4,22.14222222,0,16
2086,4,21.76,0,16
2087,4,21.855,0,16
2088,4,20.805,0,16
2089,5,20.42388889,0,16
2090,5,18.99611111,0,16
2091,5,19.28222222,0,16
2092,5,19.66222222,0,16
2093,5,18.90111111,0,16
2094,5,18.90111111,0,16
2095,5,19.18722222,0,16
2096,5,20.51888889,0,16
2097,5,20.23388889,29,16
2098,5,18.80611111,53,16
2099,5,19.75777778,176,16
2100,5,19.94777778,105,16
2101,5,20.71,240,16
2102,5,21.95111111,272,16
2103,5,22.525,320,16
2104,5,22.23777778,288,16
2105,5,20.32888889,94,16
2106,5,19.47222222,52,16
2107,5,18.80611111,1,16
2108,5,18.61611111,0,16
2109,5,17.76,0,16
2110,5,17.57,0,16
2111,5,17.37888889,0,16
2112,5,16.99888889,0,16
2113,6,16.71277778,0,16
2114,6,14.80388889,0,16
2115,6,14.03777778,0,16
2116,6,13.17277778,0,16
2117,6,12.30388889,0,16
2118,6,11.625,0,16
2119,6,11.23611111,0,16
2120,6,10.84611111,0,16
2121,6,10.65111111,4,16
2122,6,10.74777778,16,16
2123,6,11.23611111,57,16
2124,6,11.52777778,42,16
2125,6,11.52777778,40,16
2126,6,11.33388889,39,16
2127,6,11.81888889,64,16
2128,6,11.81888889,33,16
2129,6,11.91611111,20,16
2130,6,11.72222222,13,16
2131,6,12.69,3,16
2132,6,13.17277778,0,16
2133,6,13.365,0,16
2134,6,13.46111111,0,16
2135,6,13.75,0,16
2136,6,13.46111111,0,16
2137,7,13.75,0,16
2138,7,13.46111111,0,16
2139,7,12.20722222,0,16
2140,7,11.91611111,0,16
2141,7,12.01277778,0,16
2142,7,12.40111111,0,16
2143,7,12.40111111,0,16
2144,7,12.78722222,0,16
2145,7,12.78722222,6,16
2146,7,12.69,22,16
2147,7,13.17277778,114,16
2148,7,14.23,125,16
2149,7,14.9,232,16
2150,7,15.09111111,200,16
2151,7,15.28222222,121,16
2152,7,15.66388889,144,16
2153,7,15.95111111,45,16
2154,7,15.37777778,60,16
2155,7,15.76,9,16
2156,7,15.56888889,0,16
2157,7,15.66388889,0,16
2158,7,15.37777778,0,16
2159,7,16.42722222,0,16
2160,7,16.04611111,0,16
2161,8,15.28222222,0,16
2162,8,13.94222222,0,16
2163,8,13.55777778,0,16
2164,8,13.84611111,0,16
2165,8,12.78722222,0,16
2166,8,12.78722222,0,16
2167,8,12.88277778,0,16
2168,8,12.40111111,0,16
2169,8,12.49722222,7,16
2170,8,13.17277778,100,16
2171,8,14.03777778,75,16
2172,8,15.66388889,118,16
2173,8,16.42722222,62,16
2174,8,17.665,55,16
2175,8,20.805,50,16
2176,8,18.71111111,28,16
2177,8,19.56722222,23,16
2178,8,19.75777778,17,16
2179,8,19.47222222,6,16
2180,8,20.23388889,0,16
2181,8,19.66222222,0,16
2182,8,19.37722222,0,16
2183,8,18.42611111,0,16
2184,8,18.045,0,16
2185,9,17.95,0,16
2186,9,18.80611111,0,16
2187,9,17.57,0,16
2188,9,20.32888889,0,16
2189,9,17.76,0,16
2190,9,19.09222222,0,16
2191,9,19.09222222,0,16
2192,9,18.80611111,0,16
2193,9,18.33111111,11,16
2194,9,19.66222222,54,16
2195,9,20.71,75,16
2196,9,21.37777778,117,16
2197,9,21.95111111,50,16
2198,9,22.62111111,99,16
2199,9,22.33277778,78,16
2200,9,21.28222222,97,16
2201,9,21.47277778,46,16
2202,9,21.66388889,16,16
2203,9,20.615,7,16
2204,9,19.75777778,0,16
2205,9,20.90111111,0,16
2206,9,21.95111111,0,16
2207,9,21.855,0,16
2208,9,21.37777778,0,16
2209,10,21.18722222,0,16
2210,10,19.56722222,0,16
2211,10,21.56888889,0,16
2212,10,21.47277778,0,16
2213,10,21.95111111,0,16
2214,10,22.62111111,0,16
2215,10,20.90111111,0,16
2216,10,18.33111111,0,16
2217,10,18.52111111,71,16
2218,10,19.18722222,82,16
2219,10,17.57,80,16
2220,10,14.51722222,10,16
2221,10,13.65388889,22,16
2222,10,13.65388889,22,16
2223,10,12.88277778,56,16
2224,10,12.69,48,16
2225,10,12.01277778,43,16
2226,10,12.40111111,21,16
2227,10,12.30388889,1,16
2228,10,12.49722222,0,16
2229,10,12.78722222,0,16
2230,10,12.30388889,0,16
2231,10,11.23611111,0,16
2232,10,11.04111111,0,16
2233,11,10.94388889,0,16
2234,11,10.455,0,16
2235,11,10.06277778,0,16
2236,11,10.35722222,0,16
2237,11,10.455,0,16
2238,11,9.965,0,16
2239,11,9.668888889,0,16
2240,11,9.077222222,0,16
2241,11,8.082222222,8,16
2242,11,9.275,38,16
2243,11,10.06277778,82,16
2244,11,11.72222222,144,16
2245,11,12.78722222,59,16
2246,11,13.75,51,16
2247,11,15.09111111,49,16
2248,11,15.18722222,28,16
2249,11,15.95111111,21,16
2250,11,16.23722222,13,16
2251,11,16.90277778,5,16
2252,11,16.23722222,0,16
2253,11,14.51722222,0,16
2254,11,14.51722222,0,16
2255,11,15.66388889,0,16
2256,11,15.37777778,0,16
2257,12,16.61777778,0,16
2258,12,13.94222222,0,16
2259,12,12.88277778,0,16
2260,12,15.18722222,0,16
2261,12,12.30388889,0,16
2262,12,13.365,0,16
2263,12,14.23,0,16
2264,12,14.70888889,0,16
2265,12,14.23,13,16
2266,12,14.61277778,53,16
2267,12,15.855,99,16
2268,12,18.52111111,55,16
2269,12,18.33111111,184,16
2270,12,18.23611111,352,16
2271,12,18.80611111,232,16
2272,12,18.80611111,224,16
2273,12,18.33111111,117,16
2274,12,17.855,27,16
2275,12,17.28388889,7,16
2276,12,17.57,0,16
2277,12,17.28388889,0,16
2278,12,17.09388889,0,16
2279,12,17.09388889,0,16
2280,12,16.99888889,0,16
2281,13,16.33222222,0,16
2282,13,15.37777778,0,16
2283,13,15.56888889,0,16
2284,13,16.52277778,0,16
2285,13,15.95111111,0,16
2286,13,15.855,0,16
2287,13,15.855,0,16
2288,13,15.95111111,0,16
2289,13,16.14111111,13,16
2290,13,16.71277778,66,16
2291,13,18.33111111,272,16
2292,13,18.61611111,184,16
2293,13,20.32888889,336,16
2294,13,19.18722222,160,16
2295,13,19.47222222,248,16
2296,13,20.32888889,224,16
2297,13,19.47222222,108,16
2298,13,19.47222222,65,16
2299,13,18.23611111,5,16
2300,13,18.045,0,16
2301,13,17.855,0,16
2302,13,17.09388889,0,16
2303,13,18.14,0,16
2304,13,17.95,0,16
2305,14,18.23611111,0,16
2306,14,17.95,0,16
2307,14,18.045,0,16
2308,14,18.90111111,0,16
2309,14,18.80611111,0,16
2310,14,18.80611111,0,16
2311,14,17.95,0,16
2312,14,18.23611111,0,16
2313,14,17.37888889,15,16
2314,14,18.90111111,33,16
2315,14,19.56722222,192,16
2316,14,19.47222222,192,16
2317,14,19.85277778,152,16
2318,14,21.09111111,200,16
2319,14,21.855,160,16
2320,14,22.04611111,272,16
2321,14,22.33277778,95,16
2322,14,22.71722222,36,16
2323,14,21.855,7,16
2324,14,20.13777778,0,16
2325,14,20.71,0,16
2326,14,20.71,0,16
2327,14,20.23388889,0,16
2328,14,20.23388889,0,16
2329,15,18.99611111,0,16
2330,15,19.56722222,0,16
2331,15,19.66222222,0,16
2332,15,19.37722222,0,16
2333,15,18.33111111,0,16
2334,15,17.95,0,16
2335,15,17.57,0,16
2336,15,16.61777778,0,16
2337,15,16.90277778,17,16
2338,15,17.475,69,16
2339,1,22.42888889,464,17
2340,1,24.06222222,1152,17
2341,1,23.48388889,496,17
2342,1,23.67722222,352,17
2343,1,23.86888889,31,17
2344,1,21.18722222,109,17
2345,1,21.855,45,17
2346,1,21.47277778,0,17
2347,1,19.47222222,0,17
2348,1,18.80611111,0,17
2349,1,17.95,0,17
2350,1,17.57,0,17
2351,2,17.57,0,17
2352,2,16.80777778,0,17
2353,2,16.14111111,0,17
2354,2,15.66388889,0,17
2355,2,14.99611111,0,17
2356,2,14.325,0,17
2357,2,13.94222222,0,17
2358,2,13.55777778,9,17
2359,2,13.365,56,17
2360,2,14.23,216,17
2361,2,29.75222222,18432,17
2362,2,19.56722222,960,17
2363,2,17.37888889,368,17
2364,2,17.76,232,17
2365,2,20.71,960,17
2366,2,17.37888889,74,17
2367,2,18.23611111,248,17
2368,2,16.80777778,34,17
2369,2,16.23722222,17,17
2370,2,15.56888889,0,17
2371,2,15.09111111,0,17
2372,2,14.61277778,0,17
2373,2,14.13388889,0,17
2374,2,13.75,0,17
2375,3,13.65388889,0,17
2376,3,13.55777778,0,17
2377,3,13.365,0,17
2378,3,12.88277778,0,17
2379,3,12.59388889,0,17
2380,3,9.372777778,0,17
2381,3,10.84611111,0,17
2382,3,11.52777778,9,17
2383,3,12.40111111,128,17
2384,3,14.03777778,368,17
2385,3,16.04611111,432,17
2386,3,20.23388889,960,17
2387,3,17.665,368,17
2388,3,18.42611111,256,17
2389,3,22.33277778,768,17
2390,3,19.47222222,96,17
2391,3,21.47277778,208,17
2392,3,20.805,40,17
2393,3,20.23388889,21,17
2394,3,19.94777778,0,17
2395,3,19.94777778,0,17
2396,3,19.18722222,0,17
2397,3,18.61611111,0,17
2398,3,17.855,0,17
2399,4,17.475,0,17
2400,4,17.09388889,0,17
2401,4,16.80777778,0,17
2402,4,16.61777778,0,17
2403,4,16.52277778,0,17
2404,4,16.14111111,0,17
2405,4,16.04611111,0,17
2406,4,16.14111111,4,17
2407,4,16.61777778,111,17
2408,4,18.045,416,17
2409,4,25.51277778,11264,17
2410,4,21.47277778,1024,17
2411,4,20.90111111,800,17
2412,4,21.18722222,576,17
2413,4,21.18722222,480,17
2414,4,21.76,416,17
2415,4,22.23777778,320,17
2416,4,22.23777778,152,17
2417,4,21.95111111,25,17
2418,4,21.76,0,17
2419,4,21.37777778,0,17
2420,4,21.09111111,0,17
2421,4,20.805,0,17
2422,4,20.71,0,17
2423,5,20.32888889,0,17
2424,5,20.13777778,0,17
2425,5,19.94777778,0,17
2426,5,19.85277778,0,17
2427,5,19.37722222,0,17
2428,5,17.475,0,17
2429,5,17.57,0,17
2430,5,17.57,2,17
2431,5,17.57,192,17
2432,5,18.045,704,17
2433,5,18.52111111,480,17
2434,5,18.42611111,304,17
2435,5,20.04277778,672,17
2436,5,20.615,512,17
2437,5,20.805,800,17
2438,5,20.615,448,17
2439,5,19.94777778,208,17
2440,5,19.18722222,115,17
2441,5,18.61611111,4,17
2442,5,18.52111111,0,17
2443,5,17.855,0,17
2444,5,17.57,0,17
2445,5,17.37888889,0,17
2446,5,16.99888889,0,17
2447,6,16.61777778,0,17
2448,6,14.9,0,17
2449,6,14.13388889,0,17
2450,6,13.17277778,0,17
2451,6,12.30388889,0,17
2452,6,11.72222222,0,17
2453,6,11.43111111,0,17
2454,6,11.13888889,0,17
2455,6,10.84611111,14,17
2456,6,10.94388889,37,17
2457,6,11.43111111,128,17
2458,6,11.52777778,91,17
2459,6,11.625,68,17
2460,6,11.52777778,87,17
2461,6,12.01277778,115,17
2462,6,11.91611111,69,17
2463,6,12.01277778,44,17
2464,6,11.91611111,27,17
2465,6,12.78722222,5,17
2466,6,13.26888889,0,17
2467,6,13.46111111,0,17
2468,6,13.46111111,0,17
2469,6,13.75,0,17
2470,6,13.55777778,0,17
2471,7,13.84611111,0,17
2472,7,13.65388889,0,17
2473,7,12.40111111,0,17
2474,7,12.11,0,17
2475,7,12.20722222,0,17
2476,7,12.69,0,17
2477,7,12.59388889,0,17
2478,7,12.88277778,0,17
2479,7,12.88277778,12,17
2480,7,12.88277778,44,17
2481,7,13.46111111,224,17
2482,7,14.03777778,216,17
2483,7,14.70888889,432,17
2484,7,14.9,352,17
2485,7,14.51722222,256,17
2486,7,14.70888889,432,17
2487,7,14.80388889,97,17
2488,7,14.51722222,127,17
2489,7,14.51722222,21,17
2490,7,14.13388889,0,17
2491,7,14.325,0,17
2492,7,14.61277778,0,17
2493,7,14.61277778,0,17
2494,7,14.70888889,0,17
2495,8,14.13388889,0,17
2496,8,13.26888889,0,17
2497,8,12.78722222,0,17
2498,8,12.30388889,0,17
2499,8,12.11,0,17
2500,8,12.20722222,0,17
2501,8,12.20722222,0,17
2502,8,12.11,5,17
2503,8,12.30388889,64,17
2504,8,13.94222222,800,17
2505,8,26.39,17408,17
2506,8,17.28388889,768,17
2507,8,17.475,288,17
2508,8,18.52111111,232,17
2509,8,22.62111111,496,17
2510,8,19.37722222,71,17
2511,8,20.42388889,123,17
2512,8,20.04277778,36,17
2513,8,19.94777778,15,17
2514,8,18.99611111,0,17
2515,8,18.90111111,0,17
2516,8,18.52111111,0,17
2517,8,18.52111111,0,17
2518,8,18.045,0,17
2519,9,17.855,0,17
2520,9,17.665,0,17
2521,9,17.855,0,17
2522,9,17.18888889,0,17
2523,9,16.61777778,0,17
2524,9,13.75,0,17
2525,9,14.13388889,0,17
2526,9,14.61277778,4,17
2527,9,15.18722222,67,17
2528,9,17.95,8704,17
2529,9,29.85277778,16384,17
2530,9,20.71,704,17
2531,9,20.71,288,17
2532,9,21.66388889,304,17
2533,9,22.90777778,480,17
2534,9,21.09111111,136,17
2535,9,21.09111111,144,17
2536,9,20.13777778,42,17
2537,9,19.47222222,16,17
2538,9,18.90111111,0,17
2539,9,18.90111111,0,17
2540,9,18.99611111,0,17
2541,9,19.37722222,0,17
2542,9,19.18722222,0,17
2543,10,19.28222222,0,17
2544,10,19.09222222,0,17
2545,10,19.09222222,0,17
2546,10,18.90111111,0,17
2547,10,19.28222222,0,17
2548,10,19.37722222,0,17
2549,10,19.56722222,0,17
2550,10,17.76,0,17
2551,10,17.665,123,17
2552,10,17.665,200,17
2553,10,16.61777778,128,17
2554,10,13.75,23,17
2555,10,12.98,37,17
2556,10,12.49722222,38,17
2557,10,11.91611111,75,17
2558,10,11.72222222,79,17
2559,10,11.625,78,17
2560,10,11.43111111,32,17
2561,10,11.33388889,2,17
2562,10,11.625,0,17
2563,10,12.11,0,17
2564,10,11.72222222,0,17
2565,10,10.94388889,0,17
2566,10,10.455,0,17
2567,11,9.866111111,0,17
2568,11,9.866111111,0,17
2569,11,9.866111111,0,17
2570,11,9.965,0,17
2571,11,9.668888889,0,17
2572,11,8.581111111,0,17
2573,11,7.782222222,0,17
2574,11,7.782222222,1,17
2575,11,7.178888889,46,17
2576,11,13.07611111,17408,17
2577,11,22.90777778,18432,17
2578,11,12.69,576,17
2579,11,13.07611111,240,17
2580,11,13.55777778,192,17
2581,11,16.14111111,416,17
2582,11,14.70888889,58,17
2583,11,15.09111111,95,17
2584,11,14.51722222,29,17
2585,11,14.23,11,17
2586,11,13.55777778,0,17
2587,11,14.23,0,17
2588,11,13.84611111,0,17
2589,11,12.88277778,0,17
2590,11,12.30388889,0,17
2591,12,12.30388889,0,17
2592,12,12.30388889,0,17
2593,12,12.11,0,17
2594,12,11.625,0,17
2595,12,11.43111111,0,17
2596,12,11.23611111,0,17
2597,12,11.04111111,0,17
2598,12,10.94388889,2,17
2599,12,11.04111111,95,17
2600,12,16.42722222,9216,17
2601,12,28.85277778,15872,17
2602,12,17.76,352,17
2603,12,17.57,480,17
2604,12,17.28388889,432,17
2605,12,17.95,320,17
2606,12,17.28388889,152,17
2607,12,17.18888889,152,17
2608,12,16.61777778,57,17
2609,12,16.14111111,13,17
2610,12,15.855,0,17
2611,12,15.66388889,0,17
2612,12,15.28222222,0,17
2613,12,15.09111111,0,17
2614,12,14.51722222,0,17
2615,13,14.23,0,17
2616,13,13.84611111,0,17
2617,13,13.55777778,0,17
2618,13,13.55777778,0,17
2619,13,13.65388889,0,17
2620,13,11.91611111,0,17
2621,13,11.91611111,0,17
2622,13,12.11,4,17
2623,13,12.59388889,128,17
2624,13,15.28222222,2688,17
2625,13,18.23611111,2176,17
2626,13,16.99888889,800,17
2627,13,17.76,768,17
2628,13,17.57,248,17
2629,13,18.71111111,352,17
2630,13,18.80611111,416,17
2631,13,18.33111111,168,17
2632,13,18.045,98,17
2633,13,17.37888889,8,17
2634,13,16.99888889,0,17
2635,13,16.61777778,0,17
2636,13,16.42722222,0,17
2637,13,16.52277778,0,17
2638,13,16.42722222,0,17
2639,14,16.42722222,0,17
2640,14,16.14111111,0,17
2641,14,16.33222222,0,17
2642,14,16.33222222,0,17
2643,14,16.33222222,0,17
2644,14,16.71277778,0,17
2645,14,16.71277778,0,17
2646,14,16.33222222,0,17
2647,14,16.61777778,20,17
2648,14,16.99888889,49,17
2649,14,17.95,248,17
2650,14,18.045,272,17
2651,14,18.71111111,200,17
2652,14,19.28222222,208,17
2653,14,20.04277778,272,17
2654,14,20.51888889,224,17
2655,14,20.90111111,184,17
2656,14,20.90111111,41,17
2657,14,19.94777778,9,17
2658,14,18.99611111,0,17
2659,14,18.99611111,0,17
2660,14,18.80611111,0,17
2661,14,18.52111111,0,17
2662,14,18.33111111,0,17
2663,15,17.76,0,17
2664,15,17.95,0,17
2665,15,18.045,0,17
2666,15,17.76,0,17
2667,15,17.18888889,0,17
2668,15,16.52277778,0,17
2669,15,16.23722222,0,17
2670,15,16.33222222,0,17
2671,15,16.42722222,21,17
2672,15,16.80777778,83,17
2673,1,25.61,2560,18
2674,1,23.29222222,608,18
2675,1,23.1,336,18
2676,1,23.48388889,416,18
2677,1,24.06222222,15,18
2678,1,21.66388889,94,18
2679,1,22.42888889,47,18
2680,1,21.66388889,0,18
2681,1,21.37777778,0,18
2682,1,20.805,0,18
2683,1,20.13777778,0,18
2684,1,19.66222222,0,18
2685,2,18.61611111,0,18
2686,2,17.37888889,0,18
2687,2,17.665,0,18
2688,2,17.475,0,18
2689,2,16.90277778,0,18
2690,2,15.18722222,0,18
2691,2,14.325,0,18
2692,2,14.03777778,3,18
2693,2,14.03777778,16,18
2694,2,15.56888889,152,18
2695,2,16.80777778,320,18
2696,2,18.42611111,2304,18
2697,2,21.09111111,1536,18
2698,2,18.33111111,152,18
2699,2,18.42611111,168,18
2700,2,18.23611111,92,18
2701,2,17.95,31,18
2702,2,17.855,22,18
2703,2,17.665,9,18
2704,2,17.37888889,0,18
2705,2,16.61777778,0,18
2706,2,15.855,0,18
2707,2,16.61777778,0,18
2708,2,16.33222222,0,18
2709,3,14.80388889,0,18
2710,3,15.95111111,0,18
2711,3,13.84611111,0,18
2712,3,12.88277778,0,18
2713,3,13.94222222,0,18
2714,3,12.78722222,0,18
2715,3,14.80388889,0,18
2716,3,15.37777778,2,18
2717,3,16.14111111,44,18
2718,3,14.80388889,128,18
2719,3,17.37888889,184,18
2720,3,19.09222222,672,18
2721,3,21.56888889,512,18
2722,3,18.52111111,128,18
2723,3,20.23388889,114,18
2724,3,20.615,102,18
2725,3,22.23777778,35,18
2726,3,21.09111111,23,18
2727,3,21.37777778,12,18
2728,3,21.66388889,0,18
2729,3,22.04611111,0,18
2730,3,21.18722222,0,18
2731,3,20.71,0,18
2732,3,19.28222222,0,18
2733,4,19.28222222,0,18
2734,4,18.045,0,18
2735,4,18.52111111,0,18
2736,4,17.665,0,18
2737,4,18.045,0,18
2738,4,16.80777778,0,18
2739,4,17.665,0,18
2740,4,17.37888889,0,18
2741,4,18.23611111,14,18
2742,4,18.52111111,91,18
2743,4,19.28222222,152,18
2744,4,21.56888889,272,18
2745,4,21.56888889,256,18
2746,4,21.855,200,18
2747,4,21.47277778,232,18
2748,4,23.1,216,18
2749,4,23.77277778,160,18
2750,4,24.545,78,18
2751,4,23.86888889,11,18
2752,4,23.77277778,0,18
2753,4,22.42888889,0,18
2754,4,22.81222222,0,18
2755,4,22.23777778,0,18
2756,4,20.90111111,0,18
2757,5,20.615,0,18
2758,5,19.37722222,0,18
2759,5,19.56722222,0,18
2760,5,19.94777778,0,18
2761,5,19.56722222,0,18
2762,5,18.90111111,0,18
2763,5,21.37777778,0,18
2764,5,20.805,0,18
2765,5,19.09222222,33,18
2766,5,18.61611111,73,18
2767,5,18.99611111,184,18
2768,5,18.80611111,114,18
2769,5,19.75777778,288,18
2770,5,20.42388889,272,18
2771,5,20.51888889,352,18
2772,5,20.615,272,18
2773,5,19.75777778,111,18
2774,5,19.28222222,61,18
2775,5,18.71111111,1,18
2776,5,18.52111111,0,18
2777,5,17.57,0,18
2778,5,17.475,0,18
2779,5,17.28388889,0,18
2780,5,16.90277778,0,18
2781,6,16.52277778,0,18
2782,6,14.9,0,18
2783,6,13.94222222,0,18
2784,6,13.07611111,0,18
2785,6,11.91611111,0,18
2786,6,11.625,0,18
2787,6,11.33388889,0,18
2788,6,10.94388889,0,18
2789,6,10.74777778,6,18
2790,6,10.94388889,22,18
2791,6,11.33388889,80,18
2792,6,11.72222222,62,18
2793,6,11.43111111,77,18
2794,6,11.52777778,56,18
2795,6,11.91611111,88,18
2796,6,11.91611111,43,18
2797,6,11.91611111,27,18
2798,6,11.91611111,18,18
2799,6,12.88277778,4,18
2800,6,13.26888889,0,18
2801,6,13.46111111,0,18
2802,6,13.55777778,0,18
2803,6,13.75,0,18
2804,6,13.55777778,0,18
2805,7,13.84611111,0,18
2806,7,13.55777778,0,18
2807,7,12.30388889,0,18
2808,7,12.01277778,0,18
2809,7,12.20722222,0,18
2810,7,12.49722222,0,18
2811,7,12.59388889,0,18
2812,7,12.88277778,0,18
2813,7,12.88277778,9,18
2814,7,12.88277778,36,18
2815,7,13.365,176,18
2816,7,13.94222222,160,18
2817,7,14.51722222,288,18
2818,7,14.61277778,272,18
2819,7,14.9,152,18
2820,7,14.9,184,18
2821,7,15.855,61,18
2822,7,16.33222222,81,18
2823,7,16.33222222,14,18
2824,7,16.71277778,0,18
2825,7,16.99888889,0,18
2826,7,17.28388889,0,18
2827,7,16.90277778,0,18
2828,7,17.09388889,0,18
2829,8,17.09388889,0,18
2830,8,15.47277778,0,18
2831,8,15.47277778,0,18
2832,8,15.09111111,0,18
2833,8,14.51722222,0,18
2834,8,13.55777778,0,18
2835,8,14.70888889,0,18
2836,8,13.365,1,18
2837,8,13.46111111,14,18
2838,8,13.94222222,106,18
2839,8,14.42111111,176,18
2840,8,19.75777778,768,18
2841,8,18.90111111,480,18
2842,8,18.33111111,99,18
2843,8,19.94777778,91,18
2844,8,20.13777778,51,18
2845,8,20.13777778,33,18
2846,8,20.90111111,25,18
2847,8,20.23388889,10,18
2848,8,21.855,0,18
2849,8,21.37777778,0,18
2850,8,21.18722222,0,18
2851,8,18.90111111,0,18
2852,8,19.66222222,0,18
2853,9,18.80611111,0,18
2854,9,19.66222222,0,18
2855,9,18.14,0,18
2856,9,18.71111111,0,18
2857,9,18.52111111,0,18
2858,9,18.42611111,0,18
2859,9,17.95,0,18
2860,9,18.14,1,18
2861,9,18.045,15,18
2862,9,18.61611111,111,18
2863,9,20.51888889,248,18
2864,9,23.48388889,1152,18
2865,9,24.255,480,18
2866,9,22.525,176,18
2867,9,22.33277778,168,18
2868,9,21.37777778,77,18
2869,9,21.56888889,73,18
2870,9,21.18722222,36,18
2871,9,20.42388889,16,18
2872,9,20.04277778,0,18
2873,9,20.32888889,0,18
2874,9,20.615,0,18
2875,9,20.99611111,0,18
2876,9,20.805,0,18
2877,10,20.99611111,0,18
2878,10,20.13777778,0,18
2879,10,20.42388889,0,18
2880,10,20.71,0,18
2881,10,20.71,0,18
2882,10,20.99611111,0,18
2883,10,21.76,0,18
2884,10,18.80611111,0,18
2885,10,19.66222222,124,18
2886,10,19.28222222,122,18
2887,10,17.855,144,18
2888,10,13.55777778,18,18
2889,10,14.03777778,32,18
2890,10,13.26888889,32,18
2891,10,12.01277778,105,18
2892,10,12.11,78,18
2893,10,12.69,66,18
2894,10,12.49722222,34,18
2895,10,11.72222222,2,18
2896,10,13.17277778,0,18
2897,10,14.23,0,18
2898,10,11.91611111,0,18
2899,10,10.84611111,0,18
2900,10,10.35722222,0,18
2901,11,10.74777778,0,18
2902,11,9.965,0,18
2903,11,9.965,0,18
2904,11,10.65111111,0,18
2905,11,10.06277778,0,18
2906,11,11.33388889,0,18
2907,11,10.65111111,0,18
2908,11,10.455,0,18
2909,11,9.176111111,17,18
2910,11,10.65111111,123,18
2911,11,12.40111111,336,18
2912,11,14.80388889,704,18
2913,11,16.33222222,480,18
2914,11,14.80388889,124,18
2915,11,15.95111111,102,18
2916,11,15.66388889,65,18
2917,11,15.37777778,40,18
2918,11,15.18722222,28,18
2919,11,15.47277778,10,18
2920,11,15.47277778,0,18
2921,11,16.33222222,0,18
2922,11,16.80777778,0,18
2923,11,14.70888889,0,18
2924,11,14.99611111,0,18
2925,12,14.42111111,0,18
2926,12,15.28222222,0,18
2927,12,15.56888889,0,18
2928,12,13.46111111,0,18
2929,12,14.70888889,0,18
2930,12,12.20722222,0,18
2931,12,12.11,0,18
2932,12,11.72222222,0,18
2933,12,12.30388889,24,18
2934,12,13.26888889,116,18
2935,12,14.9,352,18
2936,12,18.61611111,90,18
2937,12,19.75777778,672,18
2938,12,17.855,496,18
2939,12,18.045,400,18
2940,12,17.855,288,18
2941,12,17.665,336,18
2942,12,17.37888889,96,18
2943,12,16.52277778,17,18
2944,12,16.42722222,0,18
2945,12,16.04611111,0,18
2946,12,15.37777778,0,18
2947,12,15.47277778,0,18
2948,12,15.37777778,0,18
2949,13,14.70888889,0,18
2950,13,13.84611111,0,18
2951,13,13.94222222,0,18
2952,13,14.325,0,18
2953,13,14.325,0,18
2954,13,13.75,0,18
2955,13,14.325,0,18
2956,13,14.51722222,1,18
2957,13,14.70888889,25,18
2958,13,15.37777778,136,18
2959,13,16.80777778,448,18
2960,13,17.57,256,18
2961,13,18.99611111,512,18
2962,13,19.37722222,320,18
2963,13,19.09222222,416,18
2964,13,19.85277778,304,18
2965,13,19.09222222,192,18
2966,13,19.09222222,120,18
2967,13,18.23611111,9,18
2968,13,18.23611111,0,18
2969,13,17.95,0,18
2970,13,17.76,0,18
2971,13,17.57,0,18
2972,13,18.045,0,18
2973,14,17.76,0,18
2974,14,17.76,0,18
2975,14,16.99888889,0,18
2976,14,17.37888889,0,18
2977,14,17.37888889,0,18
2978,14,17.76,0,18
2979,14,18.42611111,0,18
2980,14,17.855,0,18
2981,14,17.57,28,18
2982,14,18.33111111,59,18
2983,14,18.90111111,256,18
2984,14,18.99611111,304,18
2985,14,20.13777778,256,18
2986,14,20.32888889,304,18
2987,14,20.615,208,18
2988,14,22.14222222,400,18
2989,14,22.33277778,160,18
2990,14,21.95111111,59,18
2991,14,21.28222222,11,18
2992,14,20.32888889,0,18
2993,14,19.94777778,0,18
2994,14,19.85277778,0,18
2995,14,19.37722222,0,18
2996,14,19.37722222,0,18
2997,15,19.37722222,0,18
2998,15,18.52111111,0,18
2999,15,18.23611111,0,18
3000,15,18.42611111,0,18
3001,15,18.61611111,0,18
3002,15,18.33111111,0,18
3003,15,17.665,0,18
3004,15,16.71277778,0,18
3005,15,16.90277778,32,18
3006,15,17.37888889,160,18
3007,1,22.81222222,576,19
3008,1,25.02777778,1920,19
3009,1,23.48388889,576,19
3010,1,23.67722222,704,19
3011,1,23.96611111,27,19
3012,1,20.99611111,136,19
3013,1,21.95111111,74,19
3014,1,21.66388889,0,19
3015,1,19.66222222,0,19
3016,1,18.90111111,0,19
3017,1,18.045,0,19
3018,1,17.665,0,19
3019,2,17.665,0,19
3020,2,16.90277778,0,19
3021,2,16.23722222,0,19
3022,2,15.66388889,0,19
3023,2,14.99611111,0,19
3024,2,14.325,0,19
3025,2,13.94222222,0,19
3026,2,13.55777778,6,19
3027,2,13.365,47,19
3028,2,14.51722222,768,19
3029,2,25.61,4352,19
3030,2,17.37888889,464,19
3031,2,17.57,512,19
3032,2,19.56722222,288,19
3033,2,19.28222222,288,19
3034,2,17.28388889,152,19
3035,2,18.23611111,232,19
3036,2,16.80777778,40,19
3037,2,16.23722222,22,19
3038,2,15.66388889,0,19
3039,2,15.09111111,0,19
3040,2,14.61277778,0,19
3041,2,14.03777778,0,19
3042,2,13.75,0,19
3043,3,13.65388889,0,19
3044,3,13.46111111,0,19
3045,3,13.365,0,19
3046,3,12.98,0,19
3047,3,12.59388889,0,19
3048,3,10.455,0,19
3049,3,12.11,0,19
3050,3,12.49722222,5,19
3051,3,13.26888889,94,19
3052,3,14.325,672,19
3053,3,15.95111111,384,19
3054,3,17.475,464,19
3055,3,17.855,480,19
3056,3,25.51277778,3712,19
3057,3,20.805,216,19
3058,3,19.47222222,176,19
3059,3,22.14222222,256,19
3060,3,20.805,53,19
3061,3,20.23388889,28,19
3062,3,19.94777778,0,19
3063,3,19.94777778,0,19
3064,3,19.18722222,0,19
3065,3,18.61611111,0,19
3066,3,17.855,0,19
3067,4,17.475,0,19
3068,4,17.09388889,0,19
3069,4,16.80777778,0,19
3070,4,16.61777778,0,19
3071,4,16.52277778,0,19
3072,4,16.04611111,0,19
3073,4,16.04611111,0,19
3074,4,16.14111111,3,19
3075,4,16.52277778,60,19
3076,4,17.57,608,19
3077,4,23.48388889,2688,19
3078,4,20.615,512,19
3079,4,21.09111111,704,19
3080,4,21.47277778,800,19
3081,4,21.18722222,576,19
3082,4,21.76,480,19
3083,4,22.23777778,400,19
3084,4,22.14222222,184,19
3085,4,21.855,28,19
3086,4,21.76,0,19
3087,4,21.37777778,0,19
3088,4,21.09111111,0,19
3089,4,20.71,0,19
3090,4,20.71,0,19
3091,5,20.32888889,0,19
3092,5,20.13777778,0,19
3093,5,19.94777778,0,19
3094,5,19.94777778,0,19
3095,5,19.37722222,0,19
3096,5,17.57,0,19
3097,5,17.665,0,19
3098,5,17.475,1,19
3099,5,17.09388889,120,19
3100,5,17.28388889,400,19
3101,5,17.76,496,19
3102,5,17.855,288,19
3103,5,19.37722222,672,19
3104,5,20.04277778,800,19
3105,5,20.13777778,864,19
3106,5,20.13777778,608,19
3107,5,19.56722222,224,19
3108,5,18.90111111,128,19
3109,5,18.42611111,4,19
3110,5,18.42611111,0,19
3111,5,17.665,0,19
3112,5,17.37888889,0,19
3113,5,17.28388889,0,19
3114,5,16.90277778,0,19
3115,6,16.52277778,0,19
3116,6,14.70888889,0,19
3117,6,13.84611111,0,19
3118,6,12.98,0,19
3119,6,12.11,0,19
3120,6,11.52777778,0,19
3121,6,11.33388889,0,19
3122,6,10.94388889,0,19
3123,6,10.65111111,14,19
3124,6,10.74777778,41,19
3125,6,11.23611111,144,19
3126,6,11.43111111,108,19
3127,6,11.43111111,89,19
3128,6,11.23611111,95,19
3129,6,11.81888889,144,19
3130,6,11.81888889,78,19
3131,6,11.91611111,50,19
3132,6,11.72222222,34,19
3133,6,12.69,9,19
3134,6,13.17277778,0,19
3135,6,13.365,0,19
3136,6,13.365,0,19
3137,6,13.65388889,0,19
3138,6,13.46111111,0,19
3139,7,13.75,0,19
3140,7,13.55777778,0,19
3141,7,12.20722222,0,19
3142,7,11.91611111,0,19
3143,7,12.11,0,19
3144,7,12.49722222,0,19
3145,7,12.49722222,0,19
3146,7,12.78722222,0,19
3147,7,12.78722222,15,19
3148,7,12.78722222,49,19
3149,7,13.365,256,19
3150,7,13.94222222,256,19
3151,7,14.61277778,480,19
3152,7,14.70888889,400,19
3153,7,14.42111111,256,19
3154,7,14.51722222,368,19
3155,7,14.61277778,102,19
3156,7,14.325,136,19
3157,7,14.23,27,19
3158,7,13.94222222,0,19
3159,7,14.03777778,0,19
3160,7,14.42111111,0,19
3161,7,14.325,0,19
3162,7,14.51722222,0,19
3163,8,13.84611111,0,19
3164,8,12.98,0,19
3165,8,12.40111111,0,19
3166,8,11.91611111,0,19
3167,8,12.01277778,0,19
3168,8,12.11,0,19
3169,8,12.01277778,0,19
3170,8,12.01277778,3,19
3171,8,12.20722222,48,19
3172,8,13.94222222,864,19
3173,8,21.37777778,4352,19
3174,8,16.80777778,352,19
3175,8,17.57,416,19
3176,8,21.18722222,1344,19
3177,8,20.805,224,19
3178,8,19.37722222,100,19
3179,8,20.51888889,208,19
3180,8,20.13777778,45,19
3181,8,19.94777778,16,19
3182,8,18.80611111,0,19
3183,8,18.80611111,0,19
3184,8,18.33111111,0,19
3185,8,18.71111111,0,19
3186,8,17.95,0,19
3187,9,17.855,0,19
3188,9,17.37888889,0,19
3189,9,17.95,0,19
3190,9,17.28388889,0,19
3191,9,16.61777778,0,19
3192,9,13.94222222,0,19
3193,9,14.51722222,0,19
3194,9,14.9,4,19
3195,9,15.28222222,51,19
3196,9,17.28388889,1344,19
3197,9,25.125,7424,19
3198,9,19.94777778,480,19
3199,9,20.615,400,19
3200,9,24.255,1536,19
3201,9,22.90777778,320,19
3202,9,21.09111111,184,19
3203,9,21.18722222,224,19
3204,9,20.04277778,46,19
3205,9,19.37722222,19,19
3206,9,18.80611111,0,19
3207,9,18.90111111,0,19
3208,9,18.99611111,0,19
3209,9,19.37722222,0,19
3210,9,19.18722222,0,19
3211,10,19.28222222,0,19
3212,10,19.09222222,0,19
3213,10,18.99611111,0,19
3214,10,18.80611111,0,19
3215,10,19.28222222,0,19
3216,10,19.37722222,0,19
3217,10,19.56722222,0,19
3218,10,17.57,0,19
3219,10,17.57,152,19
3220,10,17.665,192,19
3221,10,16.52277778,160,19
3222,10,13.46111111,25,19
3223,10,12.88277778,42,19
3224,10,12.40111111,44,19
3225,10,11.81888889,98,19
3226,10,11.625,93,19
3227,10,11.43111111,91,19
3228,10,11.33388889,41,19
3229,10,11.13888889,3,19
3230,10,11.43111111,0,19
3231,10,11.91611111,0,19
3232,10,11.43111111,0,19
3233,10,10.74777778,0,19
3234,10,10.06277778,0,19
3235,11,9.668888889,0,19
3236,11,9.571111111,0,19
3237,11,9.571111111,0,19
3238,11,9.571111111,0,19
3239,11,9.472222222,0,19
3240,11,8.68,0,19
3241,11,7.782222222,0,19
3242,11,7.782222222,1,19
3243,11,7.178888889,44,19
3244,11,11.81888889,7168,19
3245,11,16.14111111,8704,19
3246,11,12.11,320,19
3247,11,12.69,352,19
3248,11,14.70888889,2432,19
3249,11,16.71277778,200,19
3250,11,14.61277778,71,19
3251,11,15.18722222,168,19
3252,11,14.51722222,35,19
3253,11,13.94222222,12,19
3254,11,13.46111111,0,19
3255,11,14.42111111,0,19
3256,11,13.84611111,0,19
3257,11,12.78722222,0,19
3258,11,12.20722222,0,19
3259,12,12.49722222,0,19
3260,12,12.01277778,0,19
3261,12,11.91611111,0,19
3262,12,11.43111111,0,19
3263,12,11.33388889,0,19
3264,12,11.13888889,0,19
3265,12,10.94388889,0,19
3266,12,10.74777778,1,19
3267,12,11.04111111,68,19
3268,12,15.76,3968,19
3269,12,21.09111111,5632,19
3270,12,17.475,304,19
3271,12,17.76,704,19
3272,12,17.665,672,19
3273,12,17.95,512,19
3274,12,17.37888889,256,19
3275,12,17.28388889,256,19
3276,12,16.61777778,67,19
3277,12,16.14111111,18,19
3278,12,15.855,0,19
3279,12,15.66388889,0,19
3280,12,15.37777778,0,19
3281,12,15.09111111,0,19
3282,12,14.42111111,0,19
3283,13,14.13388889,0,19
3284,13,13.84611111,0,19
3285,13,13.65388889,0,19
3286,13,13.46111111,0,19
3287,13,13.65388889,0,19
3288,13,12.01277778,0,19
3289,13,11.91611111,0,19
3290,13,12.01277778,3,19
3291,13,12.49722222,86,19
3292,13,15.76,2688,19
3293,13,17.18888889,1216,19
3294,13,17.18888889,768,19
3295,13,18.045,896,19
3296,13,17.665,480,19
3297,13,18.71111111,576,19
3298,13,18.71111111,576,19
3299,13,18.23611111,256,19
3300,13,18.045,136,19
3301,13,17.37888889,11,19
3302,13,16.90277778,0,19
3303,13,16.52277778,0,19
3304,13,16.42722222,0,19
3305,13,16.42722222,0,19
3306,13,16.42722222,0,19
3307,14,16.42722222,0,19
3308,14,16.14111111,0,19
3309,14,16.33222222,0,19
3310,14,16.23722222,0,19
3311,14,16.33222222,0,19
3312,14,16.71277778,0,19
3313,14,16.61777778,0,19
3314,14,16.23722222,0,19
3315,14,16.61777778,26,19
3316,14,16.99888889,62,19
3317,14,17.76,352,19
3318,14,18.14,384,19
3319,14,18.42611111,288,19
3320,14,19.18722222,304,19
3321,14,20.04277778,400,19
3322,14,20.42388889,400,19
3323,14,20.71,272,19
3324,14,20.615,58,19
3325,14,19.85277778,12,19
3326,14,18.90111111,0,19
3327,14,18.80611111,0,19
3328,14,18.61611111,0,19
3329,14,18.42611111,0,19
3330,14,18.23611111,0,19
3331,15,17.665,0,19
3332,15,17.76,0,19
3333,15,17.855,0,19
3334,15,17.57,0,19
3335,15,17.09388889,0,19
3336,15,16.42722222,0,19
3337,15,16.14111111,0,19
3338,15,16.14111111,0,19
3339,15,16.42722222,32,19
3340,15,16.80777778,114,19
